pair,z_entry,z_stop,cost_bdr_bps,cost_syn_bps,borrow_bps_day,bars,trades,winrate,expectancy_per_trade,median_hold_bars,sharpe_hourly_annualized,mdd,pnl_total,costs_total
TSLA34_TSLA,1.500000,3.500000,10.000000,2.000000,0.000000,8676,494,0.957490,0.664954,2,7.016628,-3.251699,305.402867,46.172297
TSLA34_TSLA,1.500000,4.000000,10.000000,2.000000,0.000000,8676,494,0.957490,0.664954,2,7.016628,-3.251699,305.402867,46.172297
TSLA34_TSLA,1.500000,3.000000,10.000000,2.000000,0.000000,8676,495,0.953535,0.658771,2,6.994873,-3.251699,302.992702,46.201332
TSLA34_TSLA,1.500000,4.000000,10.000000,2.000000,20.000000,8676,494,0.951417,0.648022,2,6.861263,-3.343869,297.038407,54.536757
TSLA34_TSLA,1.500000,3.500000,10.000000,2.000000,20.000000,8676,494,0.951417,0.648022,2,6.861263,-3.343869,297.038407,54.536757
TSLA34_TSLA,1.500000,3.000000,10.000000,2.000000,20.000000,8676,495,0.947475,0.641882,2,6.838924,-3.343869,294.632316,54.561719
BABA34_BABA,1.500000,3.500000,10.000000,2.000000,0.000000,8194,482,0.954357,0.295976,3,6.826970,-0.993657,128.354601,28.612252
BABA34_BABA,1.500000,4.000000,10.000000,2.000000,0.000000,8194,482,0.954357,0.295813,3,6.824542,-0.993657,128.276373,28.612164
BABA34_BABA,1.500000,3.000000,10.000000,2.000000,0.000000,8194,482,0.950207,0.292944,3,6.774081,-0.993657,126.893337,28.611719
TSLA34_TSLA,1.500000,4.000000,10.000000,2.000000,40.000000,8676,494,0.945344,0.631090,2,6.702232,-3.507959,288.673947,62.901217
TSLA34_TSLA,1.500000,3.500000,10.000000,2.000000,40.000000,8676,494,0.945344,0.631090,2,6.702232,-3.507959,288.673947,62.901217
TSLA34_TSLA,1.500000,3.000000,10.000000,2.000000,40.000000,8676,495,0.941414,0.624992,2,6.679276,-3.507959,286.271929,62.922106
BABA34_BABA,1.500000,3.500000,10.000000,2.000000,20.000000,8194,482,0.943983,0.284929,3,6.605241,-1.011761,123.030121,33.936732
BABA34_BABA,1.500000,4.000000,10.000000,2.000000,20.000000,8194,482,0.943983,0.284739,3,6.601902,-1.011761,122.938413,33.950124
BABA34_BABA,1.500000,3.000000,10.000000,2.000000,20.000000,8194,482,0.939834,0.281926,3,6.551760,-1.011761,121.582403,33.922653
BABA34_BABA,1.500000,3.500000,10.000000,2.000000,40.000000,8194,482,0.937759,0.273883,3,6.375194,-1.029864,117.705641,39.261212
BABA34_BABA,1.500000,4.000000,10.000000,2.000000,40.000000,8194,482,0.937759,0.273664,3,6.370917,-1.029864,117.600453,39.288084
BABA34_BABA,1.500000,3.000000,10.000000,2.000000,40.000000,8194,482,0.933610,0.270907,3,6.321105,-1.029864,116.271470,39.233586
TSMC34_TSM,1.500000,4.000000,10.000000,2.000000,0.000000,7540,367,0.940054,0.951953,2,6.301182,-3.559266,312.124417,74.505508
TSMC34_TSM,1.500000,3.500000,10.000000,2.000000,0.000000,7540,370,0.932432,0.944150,2,6.293053,-3.159254,311.774738,75.140950
TSMC34_TSM,1.500000,3.000000,10.000000,2.000000,0.000000,7540,371,0.929919,0.939868,2,6.290327,-3.159254,311.055664,75.290451
TSMC34_TSM,1.500000,4.000000,10.000000,2.000000,20.000000,7540,367,0.931880,0.912853,2,6.061325,-3.708883,297.774700,88.855224
TSMC34_TSM,1.500000,3.500000,10.000000,2.000000,20.000000,7540,370,0.927027,0.905607,2,6.055227,-3.258541,297.513845,89.401844
TSMC34_TSM,1.500000,3.000000,10.000000,2.000000,20.000000,7540,371,0.924528,0.901541,2,6.052980,-3.258541,296.836187,89.509928
TSLA34_TSLA,1.500000,4.000000,20.000000,5.000000,0.000000,8676,494,0.953441,0.614324,2,5.963768,-3.718029,255.383382,96.191781
TSLA34_TSLA,1.500000,3.500000,20.000000,5.000000,0.000000,8676,494,0.953441,0.614324,2,5.963768,-3.718029,255.383382,96.191781
TSLA34_TSLA,1.500000,3.000000,20.000000,5.000000,0.000000,8676,495,0.949495,0.608212,2,5.933245,-3.718029,252.941609,96.252426
MSFT34_MSFT,1.500000,3.000000,10.000000,2.000000,0.000000,11007,485,0.944330,0.575500,2,5.898750,-2.750866,241.182930,75.877699
TSMC34_TSM,1.500000,4.000000,10.000000,2.000000,40.000000,7540,367,0.910082,0.873753,2,5.812956,-3.858499,283.424983,103.204941
TSMC34_TSM,1.500000,3.500000,10.000000,2.000000,40.000000,7540,370,0.908108,0.867064,2,5.808945,-3.357827,283.252952,103.662737
TSMC34_TSM,1.500000,3.000000,10.000000,2.000000,40.000000,7540,371,0.905660,0.863213,2,5.807162,-3.357827,282.616711,103.729404
TSLA34_TSLA,1.500000,3.500000,20.000000,5.000000,20.000000,8676,494,0.945344,0.597392,2,5.798356,-3.882119,247.018922,104.556241
TSLA34_TSLA,1.500000,4.000000,20.000000,5.000000,20.000000,8676,494,0.945344,0.597392,2,5.798356,-3.882119,247.018922,104.556241
AAPL34_AAPL,1.500000,3.000000,10.000000,2.000000,0.000000,12961,643,0.926905,0.333240,2,5.773224,-1.358858,187.172259,54.199245
TSLA34_TSLA,1.500000,3.000000,20.000000,5.000000,20.000000,8676,495,0.941414,0.591322,2,5.767172,-3.882119,244.581222,104.612813
AAPL34_AAPL,1.500000,4.000000,10.000000,2.000000,0.000000,12961,643,0.933126,0.342431,2,5.749733,-1.358858,193.081938,54.202209
AAPL34_AAPL,1.500000,3.500000,10.000000,2.000000,0.000000,12961,643,0.931571,0.340418,2,5.741197,-1.358858,191.787833,54.201662
TSLA34_TSLA,1.500000,3.500000,20.000000,5.000000,40.000000,8676,494,0.935223,0.580460,2,5.629484,-4.046209,238.654462,112.920701
TSLA34_TSLA,1.500000,4.000000,20.000000,5.000000,40.000000,8676,494,0.935223,0.580460,2,5.629484,-4.046209,238.654462,112.920701
TSLA34_TSLA,1.500000,3.000000,20.000000,5.000000,40.000000,8676,495,0.931313,0.574433,2,5.597612,-4.046209,236.220835,112.973199
NVDC34_NVDA,1.500000,3.000000,10.000000,2.000000,0.000000,8254,425,0.952941,0.090796,2,5.516105,-0.283956,35.461116,6.252878
NVDC34_NVDA,1.500000,3.500000,10.000000,2.000000,0.000000,8254,425,0.952941,0.090796,2,5.516105,-0.283956,35.461116,6.252878
NVDC34_NVDA,1.500000,4.000000,10.000000,2.000000,0.000000,8254,425,0.952941,0.090796,2,5.516105,-0.283956,35.461116,6.252878
MSFT34_MSFT,1.500000,3.500000,10.000000,2.000000,0.000000,11007,485,0.948454,0.594829,2,5.486466,-2.750866,250.557716,75.885686
MSFT34_MSFT,1.500000,4.000000,10.000000,2.000000,0.000000,11007,485,0.948454,0.594829,2,5.486466,-2.750866,250.557716,75.885686
AAPL34_AAPL,1.500000,3.000000,10.000000,2.000000,20.000000,12961,643,0.920684,0.314597,2,5.465425,-1.439618,175.185063,66.186441
AAPL34_AAPL,1.500000,4.000000,10.000000,2.000000,20.000000,12961,643,0.926905,0.323604,2,5.448142,-1.439618,180.976062,66.308085
AAPL34_AAPL,1.500000,3.500000,10.000000,2.000000,20.000000,12961,643,0.925350,0.321610,2,5.438028,-1.439618,179.694357,66.295138
AMZO34_AMZN,1.500000,4.000000,10.000000,2.000000,0.000000,9708,437,0.940503,0.407658,2,5.426098,-3.638365,156.541450,43.227269
AMZO34_AMZN,1.500000,3.000000,10.000000,2.000000,0.000000,9708,437,0.940503,0.407658,2,5.426098,-3.638365,156.541450,43.227269
AMZO34_AMZN,1.500000,3.500000,10.000000,2.000000,0.000000,9708,437,0.940503,0.407658,2,5.426098,-3.638365,156.541450,43.227269
NVDC34_NVDA,1.500000,3.500000,10.000000,2.000000,20.000000,8254,425,0.943529,0.088202,2,5.386662,-0.283956,34.358823,7.355171
NVDC34_NVDA,1.500000,4.000000,10.000000,2.000000,20.000000,8254,425,0.943529,0.088202,2,5.386662,-0.283956,34.358823,7.355171
NVDC34_NVDA,1.500000,3.000000,10.000000,2.000000,20.000000,8254,425,0.943529,0.088202,2,5.386662,-0.283956,34.358823,7.355171
MSFT34_MSFT,1.500000,3.000000,10.000000,2.000000,20.000000,11007,485,0.927835,0.520760,2,5.349998,-3.308540,214.634216,102.426412
M1TA34_META,1.500000,3.500000,10.000000,2.000000,0.000000,9707,442,0.947964,0.785144,2,5.330443,-2.361396,311.862753,70.378161
M1TA34_META,1.500000,4.000000,10.000000,2.000000,0.000000,9707,442,0.947964,0.785144,2,5.330443,-2.361396,311.862753,70.378161
M1TA34_META,1.500000,3.000000,10.000000,2.000000,0.000000,9707,442,0.945701,0.782880,2,5.316889,-2.361396,310.862372,70.377785
BABA34_BABA,1.500000,3.500000,20.000000,5.000000,0.000000,8194,482,0.939834,0.263820,3,5.285601,-1.138362,97.357663,59.609190
BABA34_BABA,1.500000,4.000000,20.000000,5.000000,0.000000,8194,482,0.939834,0.263658,3,5.284658,-1.138362,97.279537,59.609000
NVDC34_NVDA,1.500000,3.500000,10.000000,2.000000,40.000000,8254,425,0.931765,0.085609,2,5.252759,-0.327698,33.256530,8.457464
NVDC34_NVDA,1.500000,4.000000,10.000000,2.000000,40.000000,8254,425,0.931765,0.085609,2,5.252759,-0.327698,33.256530,8.457464
NVDC34_NVDA,1.500000,3.000000,10.000000,2.000000,40.000000,8254,425,0.931765,0.085609,2,5.252759,-0.327698,33.256530,8.457464
BABA34_BABA,1.500000,3.000000,20.000000,5.000000,0.000000,8194,482,0.935685,0.260790,3,5.224111,-1.138362,95.896942,59.608114
AMZO34_AMZN,1.500000,3.500000,10.000000,2.000000,20.000000,9708,437,0.933638,0.390214,2,5.196707,-3.681618,148.918394,50.850325
AMZO34_AMZN,1.500000,4.000000,10.000000,2.000000,20.000000,9708,437,0.933638,0.390214,2,5.196707,-3.681618,148.918394,50.850325
AMZO34_AMZN,1.500000,3.000000,10.000000,2.000000,20.000000,9708,437,0.933638,0.390214,2,5.196707,-3.681618,148.918394,50.850325
M1TA34_META,1.500000,4.000000,10.000000,2.000000,20.000000,9707,442,0.941176,0.758206,2,5.157273,-2.539650,299.956353,82.284561
M1TA34_META,1.500000,3.500000,10.000000,2.000000,20.000000,9707,442,0.941176,0.758206,2,5.157273,-2.539650,299.956353,82.284561
M1TA34_META,1.500000,3.000000,10.000000,2.000000,20.000000,9707,442,0.938914,0.755943,2,5.143553,-2.539650,298.955972,82.284185
AAPL34_AAPL,1.500000,3.000000,10.000000,2.000000,40.000000,12961,643,0.906687,0.295955,2,5.142728,-1.520378,163.197867,78.173637
AAPL34_AAPL,1.500000,4.000000,10.000000,2.000000,40.000000,12961,643,0.912908,0.304777,2,5.132584,-1.520378,168.870186,78.413961
AAPL34_AAPL,1.500000,3.500000,10.000000,2.000000,40.000000,12961,643,0.911353,0.302802,2,5.120791,-1.520378,167.600881,78.388614
JDCO34_JD,1.500000,3.500000,10.000000,2.000000,0.000000,5526,235,0.970213,0.576630,2,5.096425,-4.043179,122.533455,25.961078
JDCO34_JD,1.500000,4.000000,10.000000,2.000000,0.000000,5526,235,0.970213,0.576630,2,5.096425,-4.043179,122.533455,25.961078
JDCO34_JD,1.500000,3.000000,10.000000,2.000000,0.000000,5526,235,0.965957,0.570073,2,5.063107,-4.043179,120.992441,25.962583
BABA34_BABA,1.500000,3.500000,20.000000,5.000000,20.000000,8194,482,0.935685,0.252774,3,5.041064,-1.156465,92.033183,64.933670
BABA34_BABA,1.500000,4.000000,20.000000,5.000000,20.000000,8194,482,0.935685,0.252584,3,5.039153,-1.156465,91.941577,64.946960
MSFT34_MSFT,1.500000,3.500000,10.000000,2.000000,20.000000,11007,485,0.931959,0.540090,2,4.979648,-3.308540,224.009003,102.434400
MSFT34_MSFT,1.500000,4.000000,10.000000,2.000000,20.000000,11007,485,0.931959,0.540090,2,4.979648,-3.308540,224.009003,102.434400
M1TA34_META,1.500000,4.000000,10.000000,2.000000,40.000000,9707,442,0.936652,0.731268,2,4.979405,-2.717903,288.049953,94.190961
M1TA34_META,1.500000,3.500000,10.000000,2.000000,40.000000,9707,442,0.936652,0.731268,2,4.979405,-2.717903,288.049953,94.190961
BABA34_BABA,1.500000,3.000000,20.000000,5.000000,20.000000,8194,482,0.931535,0.249771,3,4.978893,-1.156465,90.586009,64.919047
M1TA34_META,1.500000,3.000000,10.000000,2.000000,40.000000,9707,442,0.934389,0.729005,2,4.965519,-2.717903,287.049572,94.190585
AMZO34_AMZN,1.500000,3.000000,10.000000,2.000000,40.000000,9708,437,0.915332,0.372769,2,4.960651,-3.733960,141.295337,58.473382
AMZO34_AMZN,1.500000,4.000000,10.000000,2.000000,40.000000,9708,437,0.915332,0.372769,2,4.960651,-3.733960,141.295337,58.473382
AMZO34_AMZN,1.500000,3.500000,10.000000,2.000000,40.000000,9708,437,0.915332,0.372769,2,4.960651,-3.733960,141.295337,58.473382
GOGL34_GOOGL,1.500000,4.000000,10.000000,2.000000,0.000000,10794,478,0.899582,0.470546,3,4.953582,-3.012907,194.558695,60.718976
GOGL34_GOOGL,1.500000,3.500000,10.000000,2.000000,0.000000,10794,478,0.899582,0.468879,3,4.936774,-3.012907,193.762011,60.719789
TSLA34_TSLA,2.000000,4.000000,10.000000,2.000000,0.000000,8676,229,0.965066,0.797632,2,4.928857,-3.498989,171.968257,21.377930
TSLA34_TSLA,2.000000,3.000000,10.000000,2.000000,0.000000,8676,229,0.965066,0.797632,2,4.928857,-3.498989,171.968257,21.377930
TSLA34_TSLA,2.000000,3.500000,10.000000,2.000000,0.000000,8676,229,0.965066,0.797632,2,4.928857,-3.498989,171.968257,21.377930
GOGL34_GOOGL,1.500000,3.000000,10.000000,2.000000,0.000000,10794,479,0.895616,0.464036,3,4.911036,-3.012907,191.875063,60.790736
JDCO34_JD,1.500000,4.000000,10.000000,2.000000,20.000000,5526,235,0.965957,0.552771,2,4.892601,-4.074847,116.926479,31.568054
JDCO34_JD,1.500000,3.500000,10.000000,2.000000,20.000000,5526,235,0.965957,0.552771,2,4.892601,-4.074847,116.926479,31.568054
AVGO34_AVGO,1.500000,4.000000,10.000000,2.000000,0.000000,5914,244,0.922131,0.118788,2,4.860502,-0.606372,26.403199,5.163910
AVGO34_AVGO,1.500000,3.000000,10.000000,2.000000,0.000000,5914,244,0.922131,0.118788,2,4.860502,-0.606372,26.403199,5.163910
AVGO34_AVGO,1.500000,3.500000,10.000000,2.000000,0.000000,5914,244,0.922131,0.118788,2,4.860502,-0.606372,26.403199,5.163910
JDCO34_JD,1.500000,3.000000,10.000000,2.000000,20.000000,5526,235,0.961702,0.546333,2,4.858647,-4.074847,115.413757,31.541267
TSLA34_TSLA,2.000000,3.500000,10.000000,2.000000,20.000000,8676,229,0.960699,0.779721,2,4.835474,-3.553032,167.866780,25.479407
TSLA34_TSLA,2.000000,4.000000,10.000000,2.000000,20.000000,8676,229,0.960699,0.779721,2,4.835474,-3.553032,167.866780,25.479407
TSLA34_TSLA,2.000000,3.000000,10.000000,2.000000,20.000000,8676,229,0.960699,0.779721,2,4.835474,-3.553032,167.866780,25.479407
BABA34_BABA,1.500000,3.500000,20.000000,5.000000,40.000000,8194,482,0.906639,0.241727,3,4.788855,-1.174569,86.708703,70.258150
BABA34_BABA,1.500000,4.000000,20.000000,5.000000,40.000000,8194,482,0.906639,0.241509,3,4.785949,-1.174569,86.603617,70.284920
BABA34_BABA,2.000000,3.500000,10.000000,2.000000,0.000000,8194,202,0.970297,0.367781,3,4.774230,-1.095042,68.217080,12.152765
BABA34_BABA,2.000000,4.000000,10.000000,2.000000,0.000000,8194,202,0.970297,0.367393,3,4.770921,-1.095042,68.138852,12.152677
TSMC34_TSM,1.500000,4.000000,20.000000,5.000000,0.000000,7540,367,0.920981,0.841932,2,4.764217,-3.932436,231.388770,155.241154
MSFT34_MSFT,1.500000,3.000000,10.000000,2.000000,40.000000,11007,485,0.896907,0.466021,2,4.756079,-3.902380,188.085503,128.975126
TSLA34_TSLA,2.000000,3.000000,10.000000,2.000000,40.000000,8676,229,0.956332,0.761811,2,4.740049,-3.683568,163.765303,29.580883
TSLA34_TSLA,2.000000,4.000000,10.000000,2.000000,40.000000,8676,229,0.956332,0.761811,2,4.740049,-3.683568,163.765303,29.580883
TSLA34_TSLA,2.000000,3.500000,10.000000,2.000000,40.000000,8676,229,0.956332,0.761811,2,4.740049,-3.683568,163.765303,29.580883
TSMC34_TSM,1.500000,3.500000,20.000000,5.000000,0.000000,7540,370,0.916216,0.834093,2,4.736441,-3.919777,230.352018,156.563671
TSMC34_TSM,1.500000,3.000000,20.000000,5.000000,0.000000,7540,371,0.913747,0.829890,2,4.726492,-3.919777,229.471093,156.875023
BABA34_BABA,1.500000,3.000000,20.000000,5.000000,40.000000,8194,482,0.902490,0.238753,3,4.726005,-1.174569,85.275076,70.229980
BABA34_BABA,2.000000,3.000000,10.000000,2.000000,0.000000,8194,202,0.960396,0.360547,2,4.703098,-1.095042,66.755815,12.152232
AVGO34_AVGO,1.500000,3.500000,10.000000,2.000000,20.000000,5914,244,0.901639,0.114266,2,4.687868,-0.630096,25.299819,6.267290
AVGO34_AVGO,1.500000,3.000000,10.000000,2.000000,20.000000,5914,244,0.901639,0.114266,2,4.687868,-0.630096,25.299819,6.267290
AVGO34_AVGO,1.500000,4.000000,10.000000,2.000000,20.000000,5914,244,0.901639,0.114266,2,4.687868,-0.630096,25.299819,6.267290
GOGL34_GOOGL,1.500000,4.000000,10.000000,2.000000,20.000000,10794,478,0.884937,0.445807,3,4.683597,-3.122127,182.733715,72.543956
JDCO34_JD,1.500000,3.500000,10.000000,2.000000,40.000000,5526,235,0.957447,0.528911,2,4.683282,-4.106515,111.319503,37.175030
JDCO34_JD,1.500000,4.000000,10.000000,2.000000,40.000000,5526,235,0.957447,0.528911,2,4.683282,-4.106515,111.319503,37.175030
GOGL34_GOOGL,1.500000,3.500000,10.000000,2.000000,20.000000,10794,478,0.884937,0.444184,3,4.666732,-3.122127,181.957658,72.524142
JDCO34_JD,1.500000,3.000000,10.000000,2.000000,40.000000,5526,235,0.953191,0.522594,2,4.648692,-4.106515,109.835073,37.119951
BABA34_BABA,2.000000,3.500000,10.000000,2.000000,20.000000,8194,202,0.970297,0.355387,3,4.646181,-1.130159,65.713613,14.656231
BABA34_BABA,2.000000,4.000000,10.000000,2.000000,20.000000,8194,202,0.970297,0.354933,3,4.641704,-1.130159,65.621905,14.669624
GOGL34_GOOGL,1.500000,3.000000,10.000000,2.000000,20.000000,10794,479,0.881002,0.439392,3,4.639765,-3.122127,180.070710,72.595090
NVDC34_NVDA,1.500000,3.500000,20.000000,5.000000,0.000000,8254,425,0.938824,0.082828,2,4.583842,-0.381149,28.687055,13.026939
NVDC34_NVDA,1.500000,3.000000,20.000000,5.000000,0.000000,8254,425,0.938824,0.082828,2,4.583842,-0.381149,28.687055,13.026939
NVDC34_NVDA,1.500000,4.000000,20.000000,5.000000,0.000000,8254,425,0.938824,0.082828,2,4.583842,-0.381149,28.687055,13.026939
BABA34_BABA,2.000000,3.000000,10.000000,2.000000,20.000000,8194,202,0.960396,0.348220,2,4.574385,-1.130159,64.265895,14.642152
BABA34_BABA,2.000000,3.500000,10.000000,2.000000,40.000000,8194,202,0.950495,0.342994,3,4.512676,-1.165276,63.210146,17.159698
AVGO34_AVGO,1.500000,3.500000,10.000000,2.000000,40.000000,5914,244,0.881148,0.109744,2,4.510225,-0.653820,24.196439,7.370670
AVGO34_AVGO,1.500000,3.000000,10.000000,2.000000,40.000000,5914,244,0.881148,0.109744,2,4.510225,-0.653820,24.196439,7.370670
AVGO34_AVGO,1.500000,4.000000,10.000000,2.000000,40.000000,5914,244,0.881148,0.109744,2,4.510225,-0.653820,24.196439,7.370670
BABA34_BABA,2.000000,4.000000,10.000000,2.000000,40.000000,8194,202,0.950495,0.342473,3,4.506993,-1.165276,63.104958,17.186570
TSMC34_TSM,1.500000,4.000000,20.000000,5.000000,20.000000,7540,367,0.891008,0.802832,2,4.502839,-4.082052,217.039054,169.590871
TSMC34_TSM,1.500000,3.500000,20.000000,5.000000,20.000000,7540,370,0.886486,0.795550,2,4.477092,-4.019063,216.091124,170.824564
TSMC34_TSM,1.500000,3.000000,20.000000,5.000000,20.000000,7540,371,0.884097,0.791562,2,4.467526,-4.019063,215.251616,171.094499
NVDC34_NVDA,1.500000,3.500000,20.000000,5.000000,20.000000,8254,425,0.922353,0.080235,2,4.440998,-0.477622,27.584761,14.129233
NVDC34_NVDA,1.500000,3.000000,20.000000,5.000000,20.000000,8254,425,0.922353,0.080235,2,4.440998,-0.477622,27.584761,14.129233
NVDC34_NVDA,1.500000,4.000000,20.000000,5.000000,20.000000,8254,425,0.922353,0.080235,2,4.440998,-0.477622,27.584761,14.129233
BABA34_BABA,2.000000,3.000000,10.000000,2.000000,40.000000,8194,202,0.940594,0.335894,2,4.440204,-1.165276,61.775975,17.132072
MSFT34_MSFT,1.500000,4.000000,10.000000,2.000000,40.000000,11007,485,0.901031,0.485350,2,4.439429,-3.902380,197.460290,128.983113
MSFT34_MSFT,1.500000,3.500000,10.000000,2.000000,40.000000,11007,485,0.901031,0.485350,2,4.439429,-3.902380,197.460290,128.983113
TSMC34_TSM,2.000000,4.000000,10.000000,2.000000,0.000000,7540,153,0.980392,1.208156,2,4.420994,-3.559266,169.636494,30.442375
TSMC34_TSM,2.000000,3.500000,10.000000,2.000000,0.000000,7540,156,0.961538,1.184720,2,4.410724,-3.159254,169.286816,31.077818
TSMC34_TSM,2.000000,3.000000,10.000000,2.000000,0.000000,7540,157,0.949045,1.173070,2,4.405942,-3.159254,168.567741,31.227318
GOGL34_GOOGL,1.500000,4.000000,10.000000,2.000000,40.000000,10794,478,0.870293,0.421069,3,4.405722,-3.231347,170.908735,84.368936
GOGL34_GOOGL,1.500000,3.500000,10.000000,2.000000,40.000000,10794,478,0.870293,0.419489,3,4.388845,-3.231347,170.153305,84.328496
GOGL34_GOOGL,1.500000,3.000000,10.000000,2.000000,40.000000,10794,479,0.866388,0.414748,3,4.360583,-3.231347,168.266356,84.399443
TSLA34_TSLA,2.000000,4.000000,20.000000,5.000000,0.000000,8676,229,0.960699,0.747068,2,4.330827,-3.814040,148.808932,44.537255
TSLA34_TSLA,2.000000,3.500000,20.000000,5.000000,0.000000,8676,229,0.960699,0.747068,2,4.330827,-3.814040,148.808932,44.537255
TSLA34_TSLA,2.000000,3.000000,20.000000,5.000000,0.000000,8676,229,0.960699,0.747068,2,4.330827,-3.814040,148.808932,44.537255
NVDC34_NVDA,1.500000,3.000000,20.000000,5.000000,40.000000,8254,425,0.912941,0.077641,2,4.293870,-0.574096,26.482468,15.231526
NVDC34_NVDA,1.500000,3.500000,20.000000,5.000000,40.000000,8254,425,0.912941,0.077641,2,4.293870,-0.574096,26.482468,15.231526
NVDC34_NVDA,1.500000,4.000000,20.000000,5.000000,40.000000,8254,425,0.912941,0.077641,2,4.293870,-0.574096,26.482468,15.231526
TSMC34_TSM,2.000000,4.000000,10.000000,2.000000,20.000000,7540,153,0.960784,1.165754,2,4.288622,-3.708883,163.149017,36.929852
TSMC34_TSM,2.000000,3.500000,10.000000,2.000000,20.000000,7540,156,0.948718,1.143703,2,4.280899,-3.258541,162.888162,37.476471
TSMC34_TSM,2.000000,3.000000,10.000000,2.000000,20.000000,7540,157,0.936306,1.132578,2,4.276865,-3.258541,162.210505,37.584555
TSMC34_TSM,1.500000,4.000000,20.000000,5.000000,40.000000,7540,367,0.877384,0.763731,2,4.233985,-4.231669,202.689337,183.940588
TSLA34_TSLA,2.000000,3.000000,20.000000,5.000000,20.000000,8676,229,0.956332,0.729158,2,4.231833,-3.944576,144.707455,48.638731
TSLA34_TSLA,2.000000,3.500000,20.000000,5.000000,20.000000,8676,229,0.956332,0.729158,2,4.231833,-3.944576,144.707455,48.638731
TSLA34_TSLA,2.000000,4.000000,20.000000,5.000000,20.000000,8676,229,0.956332,0.729158,2,4.231833,-3.944576,144.707455,48.638731
TSMC34_TSM,1.500000,3.500000,20.000000,5.000000,40.000000,7540,370,0.875676,0.757007,2,4.210353,-4.118350,201.830231,185.085458
TSMC34_TSM,1.500000,3.000000,20.000000,5.000000,40.000000,7540,371,0.876011,0.753235,2,4.201165,-4.118350,201.032139,185.313976
TSMC34_TSM,2.000000,4.000000,10.000000,2.000000,40.000000,7540,153,0.941176,1.123352,2,4.151536,-3.858499,156.661541,43.417328
TSMC34_TSM,2.000000,3.500000,10.000000,2.000000,40.000000,7540,156,0.935897,1.102686,2,4.146441,-3.357827,156.489509,43.875124
TSMC34_TSM,2.000000,3.000000,10.000000,2.000000,40.000000,7540,157,0.923567,1.092086,2,4.143151,-3.357827,155.853268,43.941792
TSLA34_TSLA,2.000000,3.000000,20.000000,5.000000,40.000000,8676,229,0.951965,0.711247,2,4.130880,-4.075113,140.605979,52.740208
TSLA34_TSLA,2.000000,3.500000,20.000000,5.000000,40.000000,8676,229,0.951965,0.711247,2,4.130880,-4.075113,140.605979,52.740208
TSLA34_TSLA,2.000000,4.000000,20.000000,5.000000,40.000000,8676,229,0.951965,0.711247,2,4.130880,-4.075113,140.605979,52.740208
M1TA34_META,1.500000,4.000000,20.000000,5.000000,0.000000,9707,442,0.934389,0.698852,2,4.101833,-3.117292,235.616452,146.624462
M1TA34_META,1.500000,3.500000,20.000000,5.000000,0.000000,9707,442,0.934389,0.698852,2,4.101833,-3.117292,235.616452,146.624462
M1TA34_META,1.500000,3.000000,20.000000,5.000000,0.000000,9707,442,0.932127,0.696589,2,4.086640,-3.117292,234.616395,146.623763
AAPL34_AAPL,1.500000,4.000000,20.000000,5.000000,0.000000,12961,643,0.916019,0.296764,2,4.086299,-1.566767,134.353846,112.930301
AAPL34_AAPL,1.500000,3.500000,20.000000,5.000000,0.000000,12961,643,0.914463,0.294753,2,4.066841,-1.566767,133.060441,112.929054
AAPL34_AAPL,1.500000,3.000000,20.000000,5.000000,0.000000,12961,643,0.909798,0.287578,2,4.038005,-1.566767,128.447322,112.924182
JDCO34_JD,1.500000,4.000000,20.000000,5.000000,0.000000,5526,235,0.961702,0.516765,2,3.948795,-4.235061,94.408487,54.086046
JDCO34_JD,1.500000,3.500000,20.000000,5.000000,0.000000,5526,235,0.961702,0.516765,2,3.948795,-4.235061,94.408487,54.086046
BABA34_BABA,2.000000,3.500000,20.000000,5.000000,0.000000,8194,202,0.970297,0.335182,3,3.935600,-1.197748,55.051582,25.318262
BABA34_BABA,2.000000,4.000000,20.000000,5.000000,0.000000,8194,202,0.970297,0.334795,3,3.934314,-1.197748,54.973456,25.318073
MSFT34_MSFT,1.500000,3.000000,20.000000,5.000000,0.000000,11007,485,0.927835,0.490735,2,3.931772,-3.879752,158.967471,158.093157
JDCO34_JD,2.000000,3.500000,10.000000,2.000000,0.000000,5526,114,0.982456,0.684283,2,3.923883,-2.743186,71.684648,12.657909
JDCO34_JD,2.000000,4.000000,10.000000,2.000000,0.000000,5526,114,0.982456,0.684283,2,3.923883,-2.743186,71.684648,12.657909
M1TA34_META,1.500000,3.500000,20.000000,5.000000,20.000000,9707,442,0.925339,0.671914,2,3.915614,-3.384068,223.710052,158.530862
M1TA34_META,1.500000,4.000000,20.000000,5.000000,20.000000,9707,442,0.925339,0.671914,2,3.915614,-3.384068,223.710052,158.530862
JDCO34_JD,1.500000,3.000000,20.000000,5.000000,0.000000,5526,235,0.957447,0.510201,2,3.905594,-4.235061,92.865972,54.089051
M1TA34_META,1.500000,3.000000,20.000000,5.000000,20.000000,9707,442,0.923077,0.669652,2,3.900257,-3.384068,222.709995,158.530163
AAPL34_AAPL,2.000000,4.000000,10.000000,2.000000,0.000000,12961,250,0.952000,0.433562,2,3.890177,-1.195688,97.241498,22.297236
AVGO34_AVGO,1.500000,4.000000,20.000000,5.000000,0.000000,5914,244,0.889344,0.107317,2,3.889273,-0.659277,20.806645,10.760464
AVGO34_AVGO,1.500000,3.000000,20.000000,5.000000,0.000000,5914,244,0.889344,0.107317,2,3.889273,-0.659277,20.806645,10.760464
AVGO34_AVGO,1.500000,3.500000,20.000000,5.000000,0.000000,5914,244,0.889344,0.107317,2,3.889273,-0.659277,20.806645,10.760464
AAPL34_AAPL,2.000000,3.000000,10.000000,2.000000,0.000000,12961,250,0.948000,0.433132,2,3.886112,-1.195688,97.134169,22.297346
AAPL34_AAPL,2.000000,3.500000,10.000000,2.000000,0.000000,12961,250,0.948000,0.433132,2,3.886112,-1.195688,97.134169,22.297346
JDCO34_JD,2.000000,3.000000,10.000000,2.000000,0.000000,5526,114,0.973684,0.670766,2,3.881045,-2.743186,70.143634,12.659413
AMZO34_AMZN,1.500000,3.000000,20.000000,5.000000,0.000000,9708,437,0.929062,0.354058,2,3.856900,-3.727073,109.712652,90.056067
AMZO34_AMZN,1.500000,3.500000,20.000000,5.000000,0.000000,9708,437,0.929062,0.354058,2,3.856900,-3.727073,109.712652,90.056067
AMZO34_AMZN,1.500000,4.000000,20.000000,5.000000,0.000000,9708,437,0.929062,0.354058,2,3.856900,-3.727073,109.712652,90.056067
BABA34_BABA,2.000000,3.000000,20.000000,5.000000,0.000000,8194,202,0.960396,0.327951,2,3.854741,-1.197748,53.590862,25.317186
BABA34_BABA,2.000000,3.500000,20.000000,5.000000,20.000000,8194,202,0.955446,0.322789,3,3.793523,-1.232864,52.548116,27.821728
BABA34_BABA,2.000000,4.000000,20.000000,5.000000,20.000000,8194,202,0.955446,0.322335,3,3.791015,-1.232864,52.456509,27.835019
JDCO34_JD,2.000000,4.000000,10.000000,2.000000,20.000000,5526,114,0.982456,0.658256,2,3.787360,-2.869714,68.717584,15.624973
JDCO34_JD,2.000000,3.500000,10.000000,2.000000,20.000000,5526,114,0.982456,0.658256,2,3.787360,-2.869714,68.717584,15.624973
NVDC34_NVDA,2.000000,4.000000,10.000000,2.000000,0.000000,8254,170,0.964706,0.119155,2,3.767649,-0.379193,18.922267,2.669580
NVDC34_NVDA,2.000000,3.000000,10.000000,2.000000,0.000000,8254,170,0.964706,0.119155,2,3.767649,-0.379193,18.922267,2.669580
NVDC34_NVDA,2.000000,3.500000,10.000000,2.000000,0.000000,8254,170,0.964706,0.119155,2,3.767649,-0.379193,18.922267,2.669580
AAPL34_AAPL,1.500000,4.000000,20.000000,5.000000,20.000000,12961,643,0.906687,0.277937,2,3.754746,-1.647527,122.247970,125.036177
JDCO34_JD,2.000000,3.000000,10.000000,2.000000,20.000000,5526,114,0.973684,0.644987,2,3.743814,-2.869714,67.204862,15.598185
MSFT34_MSFT,1.500000,4.000000,20.000000,5.000000,0.000000,11007,485,0.931959,0.510048,2,3.736650,-3.879752,168.334387,158.109016
MSFT34_MSFT,1.500000,3.500000,20.000000,5.000000,0.000000,11007,485,0.931959,0.510048,2,3.736650,-3.879752,168.334387,158.109016
JDCO34_JD,1.500000,4.000000,20.000000,5.000000,20.000000,5526,235,0.961702,0.492906,2,3.734415,-4.339616,88.801511,59.693022
JDCO34_JD,1.500000,3.500000,20.000000,5.000000,20.000000,5526,235,0.961702,0.492906,2,3.734415,-4.339616,88.801511,59.693022
AAPL34_AAPL,1.500000,3.500000,20.000000,5.000000,20.000000,12961,643,0.905132,0.275945,2,3.733605,-1.647527,120.966965,125.022530
M1TA34_META,1.500000,4.000000,20.000000,5.000000,40.000000,9707,442,0.909502,0.644977,2,3.725301,-3.650845,211.803652,170.437262
M1TA34_META,1.500000,3.500000,20.000000,5.000000,40.000000,9707,442,0.909502,0.644977,2,3.725301,-3.650845,211.803652,170.437262
AAPL34_AAPL,2.000000,4.000000,10.000000,2.000000,20.000000,12961,250,0.944000,0.412860,2,3.721241,-1.195688,92.066110,27.472624
AAPL34_AAPL,2.000000,3.000000,10.000000,2.000000,20.000000,12961,250,0.940000,0.412435,2,3.717162,-1.195688,91.959745,27.471770
AAPL34_AAPL,2.000000,3.500000,10.000000,2.000000,20.000000,12961,250,0.940000,0.412435,2,3.717162,-1.195688,91.959745,27.471770
BABA34_BABA,2.000000,3.000000,20.000000,5.000000,20.000000,8194,202,0.945545,0.315624,2,3.711898,-1.232864,51.100942,27.807106
M1TA34_META,1.500000,3.000000,20.000000,5.000000,40.000000,9707,442,0.907240,0.642714,2,3.709783,-3.650845,210.803595,170.436563
AVGO34_AVGO,1.500000,3.500000,20.000000,5.000000,20.000000,5914,244,0.881148,0.102795,2,3.705518,-0.683001,19.703265,11.863844
AVGO34_AVGO,1.500000,4.000000,20.000000,5.000000,20.000000,5914,244,0.881148,0.102795,2,3.705518,-0.683001,19.703265,11.863844
AVGO34_AVGO,1.500000,3.000000,20.000000,5.000000,20.000000,5914,244,0.881148,0.102795,2,3.705518,-0.683001,19.703265,11.863844
AAPL34_AAPL,1.500000,3.000000,20.000000,5.000000,20.000000,12961,643,0.900467,0.268936,2,3.698681,-1.647527,116.460126,124.911378
NVDC34_NVDA,2.000000,3.500000,10.000000,2.000000,20.000000,8254,170,0.958824,0.116349,2,3.698354,-0.414549,18.445334,3.146513
NVDC34_NVDA,2.000000,4.000000,10.000000,2.000000,20.000000,8254,170,0.958824,0.116349,2,3.698354,-0.414549,18.445334,3.146513
NVDC34_NVDA,2.000000,3.000000,10.000000,2.000000,20.000000,8254,170,0.958824,0.116349,2,3.698354,-0.414549,18.445334,3.146513
JDCO34_JD,1.500000,3.000000,20.000000,5.000000,20.000000,5526,235,0.957447,0.486462,2,3.690675,-4.339616,87.287288,59.667735
TSMC34_TSM,2.000000,4.000000,20.000000,5.000000,0.000000,7540,153,0.960784,1.100282,2,3.656859,-3.932436,136.648137,63.430732
JDCO34_JD,2.000000,3.500000,10.000000,2.000000,40.000000,5526,114,0.982456,0.632229,2,3.646644,-2.996242,65.750520,18.592037
JDCO34_JD,2.000000,4.000000,10.000000,2.000000,40.000000,5526,114,0.982456,0.632229,2,3.646644,-2.996242,65.750520,18.592037
BABA34_BABA,2.000000,3.500000,20.000000,5.000000,40.000000,8194,202,0.930693,0.310395,3,3.646220,-1.267981,50.044649,30.325195
BABA34_BABA,2.000000,4.000000,20.000000,5.000000,40.000000,8194,202,0.930693,0.309875,3,3.642448,-1.267981,49.939563,30.351966
NVDC34_NVDA,2.000000,4.000000,10.000000,2.000000,40.000000,8254,170,0.958824,0.113544,2,3.626907,-0.449906,17.968400,3.623447
NVDC34_NVDA,2.000000,3.500000,10.000000,2.000000,40.000000,8254,170,0.958824,0.113544,2,3.626907,-0.449906,17.968400,3.623447
NVDC34_NVDA,2.000000,3.000000,10.000000,2.000000,40.000000,8254,170,0.958824,0.113544,2,3.626907,-0.449906,17.968400,3.623447
TSMC34_TSM,2.000000,3.500000,20.000000,5.000000,0.000000,7540,156,0.948718,1.076722,2,3.620971,-3.919777,135.611384,64.753249
AMZO34_AMZN,1.500000,3.500000,20.000000,5.000000,20.000000,9708,437,0.915332,0.336614,2,3.610554,-3.770326,102.089595,97.679124
AMZO34_AMZN,1.500000,4.000000,20.000000,5.000000,20.000000,9708,437,0.915332,0.336614,2,3.610554,-3.770326,102.089595,97.679124
AMZO34_AMZN,1.500000,3.000000,20.000000,5.000000,20.000000,9708,437,0.915332,0.336614,2,3.610554,-3.770326,102.089595,97.679124
TSMC34_TSM,2.000000,3.000000,20.000000,5.000000,0.000000,7540,157,0.942675,1.065244,2,3.608096,-3.919777,134.730459,65.064601
JDCO34_JD,2.000000,3.000000,10.000000,2.000000,40.000000,5526,114,0.973684,0.619208,2,3.602383,-2.996242,64.266090,18.536957
AMZO34_AMZN,2.000000,3.500000,10.000000,2.000000,0.000000,9708,179,0.944134,0.503592,2,3.568046,-3.638358,81.106580,18.086160
AMZO34_AMZN,2.000000,4.000000,10.000000,2.000000,0.000000,9708,179,0.944134,0.503592,2,3.568046,-3.638358,81.106580,18.086160
AMZO34_AMZN,2.000000,3.000000,10.000000,2.000000,0.000000,9708,179,0.944134,0.503592,2,3.568046,-3.638358,81.106580,18.086160
AVGO34_AVGO,2.000000,3.000000,10.000000,2.000000,0.000000,5914,92,0.967391,0.166429,2,3.566678,-0.315056,14.385554,1.854629
AVGO34_AVGO,2.000000,4.000000,10.000000,2.000000,0.000000,5914,92,0.967391,0.166429,2,3.566678,-0.315056,14.385554,1.854629
AVGO34_AVGO,2.000000,3.500000,10.000000,2.000000,0.000000,5914,92,0.967391,0.166429,2,3.566678,-0.315056,14.385554,1.854629
BABA34_BABA,2.000000,3.000000,20.000000,5.000000,40.000000,8194,202,0.920792,0.303298,2,3.563833,-1.267981,48.611022,30.297026
AAPL34_AAPL,2.000000,4.000000,10.000000,2.000000,40.000000,12961,250,0.940000,0.392158,2,3.544727,-1.195688,86.890722,32.648012
AAPL34_AAPL,2.000000,3.500000,10.000000,2.000000,40.000000,12961,250,0.936000,0.391737,2,3.540638,-1.195688,86.785321,32.646194
AAPL34_AAPL,2.000000,3.000000,10.000000,2.000000,40.000000,12961,250,0.936000,0.391737,2,3.540638,-1.195688,86.785321,32.646194
AVGO34_AVGO,2.000000,3.500000,10.000000,2.000000,20.000000,5914,92,0.956522,0.163560,2,3.518151,-0.327672,14.121594,2.118589
AVGO34_AVGO,2.000000,3.000000,10.000000,2.000000,20.000000,5914,92,0.956522,0.163560,2,3.518151,-0.327672,14.121594,2.118589
AVGO34_AVGO,2.000000,4.000000,10.000000,2.000000,20.000000,5914,92,0.956522,0.163560,2,3.518151,-0.327672,14.121594,2.118589
AVGO34_AVGO,1.500000,3.500000,20.000000,5.000000,40.000000,5914,244,0.852459,0.098273,2,3.517286,-0.706725,18.599885,12.967224
AVGO34_AVGO,1.500000,3.000000,20.000000,5.000000,40.000000,5914,244,0.852459,0.098273,2,3.517286,-0.706725,18.599885,12.967224
AVGO34_AVGO,1.500000,4.000000,20.000000,5.000000,40.000000,5914,244,0.852459,0.098273,2,3.517286,-0.706725,18.599885,12.967224
JDCO34_JD,1.500000,3.500000,20.000000,5.000000,40.000000,5526,235,0.936170,0.469046,2,3.515386,-4.491244,83.194535,65.299998
JDCO34_JD,1.500000,4.000000,20.000000,5.000000,40.000000,5526,235,0.936170,0.469046,2,3.515386,-4.491244,83.194535,65.299998
TSMC34_TSM,2.000000,4.000000,20.000000,5.000000,20.000000,7540,153,0.934641,1.057880,2,3.511996,-4.082052,130.160660,69.918209
TSMC34_TSM,2.000000,3.500000,20.000000,5.000000,20.000000,7540,156,0.923077,1.035705,2,3.478559,-4.019063,129.212731,71.151903
JDCO34_JD,1.500000,3.000000,20.000000,5.000000,40.000000,5526,235,0.931915,0.462723,2,3.471135,-4.491244,81.708604,65.246419
AVGO34_AVGO,2.000000,4.000000,10.000000,2.000000,40.000000,5914,92,0.945652,0.160691,2,3.468548,-0.340288,13.857634,2.382549
AVGO34_AVGO,2.000000,3.000000,10.000000,2.000000,40.000000,5914,92,0.945652,0.160691,2,3.468548,-0.340288,13.857634,2.382549
AVGO34_AVGO,2.000000,3.500000,10.000000,2.000000,40.000000,5914,92,0.945652,0.160691,2,3.468548,-0.340288,13.857634,2.382549
TSMC34_TSM,2.000000,3.000000,20.000000,5.000000,20.000000,7540,157,0.917197,1.024752,2,3.466331,-4.019063,128.373222,71.421837
AMZO34_AMZN,2.000000,3.000000,10.000000,2.000000,20.000000,9708,179,0.938547,0.486155,2,3.450447,-3.681611,77.985360,21.207380
AMZO34_AMZN,2.000000,3.500000,10.000000,2.000000,20.000000,9708,179,0.938547,0.486155,2,3.450447,-3.681611,77.985360,21.207380
AMZO34_AMZN,2.000000,4.000000,10.000000,2.000000,20.000000,9708,179,0.938547,0.486155,2,3.450447,-3.681611,77.985360,21.207380
AAPL34_AAPL,1.500000,4.000000,20.000000,5.000000,40.000000,12961,643,0.883359,0.259110,2,3.411459,-1.734795,110.142094,137.142053
GOGL34_GOOGL,2.000000,3.500000,10.000000,2.000000,0.000000,10794,173,0.913295,0.612599,2,3.392452,-2.950550,94.946179,22.068560
GOGL34_GOOGL,2.000000,4.000000,10.000000,2.000000,0.000000,10794,173,0.913295,0.612599,2,3.392452,-2.950550,94.946179,22.068560
AAPL34_AAPL,1.500000,3.500000,20.000000,5.000000,40.000000,12961,643,0.881804,0.257137,2,3.388593,-1.734795,108.873489,137.116006
GOGL34_GOOGL,2.000000,3.000000,10.000000,2.000000,0.000000,10794,174,0.908046,0.607823,2,3.383480,-2.950550,94.691814,22.139888
TSMC34_TSM,2.000000,4.000000,20.000000,5.000000,40.000000,7540,153,0.915033,1.015479,2,3.362634,-4.231669,123.673183,76.405686
AMZO34_AMZN,1.500000,3.000000,20.000000,5.000000,40.000000,9708,437,0.901602,0.319170,2,3.358720,-3.822668,94.466539,105.302180
AMZO34_AMZN,1.500000,4.000000,20.000000,5.000000,40.000000,9708,437,0.901602,0.319170,2,3.358720,-3.822668,94.466539,105.302180
AMZO34_AMZN,1.500000,3.500000,20.000000,5.000000,40.000000,9708,437,0.901602,0.319170,2,3.358720,-3.822668,94.466539,105.302180
AAPL34_AAPL,1.500000,3.000000,20.000000,5.000000,40.000000,12961,643,0.877138,0.250293,2,3.347003,-1.734795,104.472930,136.898574
MSFT34_MSFT,2.000000,3.500000,10.000000,2.000000,0.000000,11007,180,0.955556,0.745572,2,3.341760,-3.337185,120.008253,28.402167
MSFT34_MSFT,2.000000,4.000000,10.000000,2.000000,0.000000,11007,180,0.955556,0.745572,2,3.341760,-3.337185,120.008253,28.402167
TSMC34_TSM,2.000000,3.500000,20.000000,5.000000,40.000000,7540,156,0.910256,0.994688,2,3.331757,-4.118350,122.814077,77.550556
AMZO34_AMZN,2.000000,4.000000,10.000000,2.000000,40.000000,9708,179,0.927374,0.468718,2,3.329759,-3.733953,74.864140,24.328600
AMZO34_AMZN,2.000000,3.000000,10.000000,2.000000,40.000000,9708,179,0.927374,0.468718,2,3.329759,-3.733953,74.864140,24.328600
AMZO34_AMZN,2.000000,3.500000,10.000000,2.000000,40.000000,9708,179,0.927374,0.468718,2,3.329759,-3.733953,74.864140,24.328600
MSFT34_MSFT,1.500000,3.000000,20.000000,5.000000,20.000000,11007,485,0.903093,0.435995,2,3.328849,-4.437426,132.418758,184.641870
TSMC34_TSM,2.000000,3.000000,20.000000,5.000000,40.000000,7540,157,0.910828,0.984260,2,3.320178,-4.118350,122.015986,77.779074
M1TA34_META,2.000000,4.000000,10.000000,2.000000,0.000000,9707,172,0.965116,1.019504,2,3.313778,-2.320280,161.709740,27.303425
M1TA34_META,2.000000,3.000000,10.000000,2.000000,0.000000,9707,172,0.965116,1.019504,2,3.313778,-2.320280,161.709740,27.303425
M1TA34_META,2.000000,3.500000,10.000000,2.000000,0.000000,9707,172,0.965116,1.019504,2,3.313778,-2.320280,161.709740,27.303425
MSFT34_MSFT,2.000000,3.000000,10.000000,2.000000,0.000000,11007,180,0.950000,0.737759,2,3.311727,-3.337185,118.602006,28.401068
GOGL34_GOOGL,1.500000,4.000000,20.000000,5.000000,0.000000,10794,478,0.864017,0.401750,3,3.305323,-3.450648,128.781155,126.496516
GOGL34_GOOGL,1.500000,3.500000,20.000000,5.000000,0.000000,10794,478,0.864017,0.400082,3,3.285146,-3.450648,127.983658,126.498143
NVDC34_NVDA,2.000000,3.500000,20.000000,5.000000,0.000000,8254,170,0.952941,0.110645,2,3.276025,-0.458170,16.030307,5.561540
NVDC34_NVDA,2.000000,4.000000,20.000000,5.000000,0.000000,8254,170,0.952941,0.110645,2,3.276025,-0.458170,16.030307,5.561540
NVDC34_NVDA,2.000000,3.000000,20.000000,5.000000,0.000000,8254,170,0.952941,0.110645,2,3.276025,-0.458170,16.030307,5.561540
GOGL34_GOOGL,2.000000,4.000000,10.000000,2.000000,20.000000,10794,173,0.901734,0.590801,2,3.275869,-3.002026,91.175129,25.839610
GOGL34_GOOGL,2.000000,3.500000,10.000000,2.000000,20.000000,10794,173,0.901734,0.590801,2,3.275869,-3.002026,91.175129,25.839610
TSLA34_TSLA,2.500000,3.000000,10.000000,2.000000,0.000000,8676,87,0.988506,1.008172,2,3.274178,-1.941974,83.621964,8.177818
TSLA34_TSLA,2.500000,4.000000,10.000000,2.000000,0.000000,8676,87,0.988506,1.008172,2,3.274178,-1.941974,83.621964,8.177818
TSLA34_TSLA,2.500000,3.500000,10.000000,2.000000,0.000000,8676,87,0.988506,1.008172,2,3.274178,-1.941974,83.621964,8.177818
GOGL34_GOOGL,2.000000,3.000000,10.000000,2.000000,20.000000,10794,174,0.896552,0.586150,2,3.266846,-3.002026,90.920764,25.910938
GOGL34_GOOGL,1.500000,3.000000,20.000000,5.000000,0.000000,10794,479,0.860125,0.395302,3,3.245910,-3.450648,126.019644,126.646155
M1TA34_META,2.000000,3.000000,10.000000,2.000000,20.000000,9707,172,0.959302,0.993907,2,3.237106,-2.363807,157.306940,31.706225
M1TA34_META,2.000000,4.000000,10.000000,2.000000,20.000000,9707,172,0.959302,0.993907,2,3.237106,-2.363807,157.306940,31.706225
M1TA34_META,2.000000,3.500000,10.000000,2.000000,20.000000,9707,172,0.959302,0.993907,2,3.237106,-2.363807,157.306940,31.706225
TSLA34_TSLA,2.500000,3.000000,10.000000,2.000000,20.000000,8676,87,0.977011,0.992777,2,3.234883,-1.941974,82.282631,9.517151
TSLA34_TSLA,2.500000,4.000000,10.000000,2.000000,20.000000,8676,87,0.977011,0.992777,2,3.234883,-1.941974,82.282631,9.517151
TSLA34_TSLA,2.500000,3.500000,10.000000,2.000000,20.000000,8676,87,0.977011,0.992777,2,3.234883,-1.941974,82.282631,9.517151
NVDC34_NVDA,2.000000,4.000000,20.000000,5.000000,20.000000,8254,170,0.952941,0.107839,2,3.200158,-0.493527,15.553374,6.038473
NVDC34_NVDA,2.000000,3.000000,20.000000,5.000000,20.000000,8254,170,0.952941,0.107839,2,3.200158,-0.493527,15.553374,6.038473
NVDC34_NVDA,2.000000,3.500000,20.000000,5.000000,20.000000,8254,170,0.952941,0.107839,2,3.200158,-0.493527,15.553374,6.038473
TSLA34_TSLA,2.500000,3.500000,10.000000,2.000000,40.000000,8676,87,0.977011,0.977383,2,3.194863,-1.941974,80.943297,10.856484
TSLA34_TSLA,2.500000,3.000000,10.000000,2.000000,40.000000,8676,87,0.977011,0.977383,2,3.194863,-1.941974,80.943297,10.856484
TSLA34_TSLA,2.500000,4.000000,10.000000,2.000000,40.000000,8676,87,0.977011,0.977383,2,3.194863,-1.941974,80.943297,10.856484
JDCO34_JD,2.000000,3.500000,20.000000,5.000000,0.000000,5526,114,0.982456,0.624091,2,3.190650,-2.952195,57.971820,26.370737
JDCO34_JD,2.000000,4.000000,20.000000,5.000000,0.000000,5526,114,0.982456,0.624091,2,3.190650,-2.952195,57.971820,26.370737
MSFT34_MSFT,1.500000,3.500000,20.000000,5.000000,20.000000,11007,485,0.907216,0.455309,2,3.188459,-4.437426,141.785674,184.657729
MSFT34_MSFT,1.500000,4.000000,20.000000,5.000000,20.000000,11007,485,0.907216,0.455309,2,3.188459,-4.437426,141.785674,184.657729
M1TA34_META,2.000000,3.000000,10.000000,2.000000,40.000000,9707,172,0.953488,0.968309,2,3.158865,-2.407334,152.904140,36.109025
M1TA34_META,2.000000,3.500000,10.000000,2.000000,40.000000,9707,172,0.953488,0.968309,2,3.158865,-2.407334,152.904140,36.109025
M1TA34_META,2.000000,4.000000,10.000000,2.000000,40.000000,9707,172,0.953488,0.968309,2,3.158865,-2.407334,152.904140,36.109025
GOGL34_GOOGL,2.000000,3.500000,10.000000,2.000000,40.000000,10794,173,0.901734,0.569003,2,3.156047,-3.057096,87.404079,29.610660
GOGL34_GOOGL,2.000000,4.000000,10.000000,2.000000,40.000000,10794,173,0.901734,0.569003,2,3.156047,-3.057096,87.404079,29.610660
GOGL34_GOOGL,2.000000,3.000000,10.000000,2.000000,40.000000,10794,174,0.896552,0.564477,2,3.146978,-3.057096,87.149714,29.681988
JDCO34_JD,2.000000,3.000000,20.000000,5.000000,0.000000,5526,114,0.973684,0.610560,2,3.135778,-2.952195,56.429305,26.373743
NVDC34_NVDA,2.000000,3.500000,20.000000,5.000000,40.000000,8254,170,0.947059,0.105034,2,3.122171,-0.528883,15.076440,6.515406
NVDC34_NVDA,2.000000,4.000000,20.000000,5.000000,40.000000,8254,170,0.947059,0.105034,2,3.122171,-0.528883,15.076440,6.515406
NVDC34_NVDA,2.000000,3.000000,20.000000,5.000000,40.000000,8254,170,0.947059,0.105034,2,3.122171,-0.528883,15.076440,6.515406
AVGO34_AVGO,2.000000,3.500000,20.000000,5.000000,0.000000,5914,92,0.945652,0.155490,2,3.117351,-0.358685,12.375286,3.864897
AVGO34_AVGO,2.000000,4.000000,20.000000,5.000000,0.000000,5914,92,0.945652,0.155490,2,3.117351,-0.358685,12.375286,3.864897
AVGO34_AVGO,2.000000,3.000000,20.000000,5.000000,0.000000,5914,92,0.945652,0.155490,2,3.117351,-0.358685,12.375286,3.864897
MSFT34_MSFT,2.000000,3.500000,10.000000,2.000000,20.000000,11007,180,0.955556,0.692266,2,3.111173,-3.549925,110.413306,37.997114
MSFT34_MSFT,2.000000,4.000000,10.000000,2.000000,20.000000,11007,180,0.955556,0.692266,2,3.111173,-3.549925,110.413306,37.997114
MSFT34_MSFT,2.000000,3.000000,10.000000,2.000000,20.000000,11007,180,0.950000,0.684454,2,3.080260,-3.549925,109.007059,37.996015
AVGO34_AVGO,2.000000,3.000000,20.000000,5.000000,20.000000,5914,92,0.945652,0.152620,2,3.065232,-0.371301,12.111326,4.128857
AVGO34_AVGO,2.000000,3.500000,20.000000,5.000000,20.000000,5914,92,0.945652,0.152620,2,3.065232,-0.371301,12.111326,4.128857
AVGO34_AVGO,2.000000,4.000000,20.000000,5.000000,20.000000,5914,92,0.945652,0.152620,2,3.065232,-0.371301,12.111326,4.128857
JDCO34_JD,2.000000,4.000000,20.000000,5.000000,20.000000,5526,114,0.982456,0.598064,2,3.046300,-3.078723,55.004756,29.337801
JDCO34_JD,2.000000,3.500000,20.000000,5.000000,20.000000,5526,114,0.982456,0.598064,2,3.046300,-3.078723,55.004756,29.337801
GOGL34_GOOGL,1.500000,4.000000,20.000000,5.000000,20.000000,10794,478,0.849372,0.377012,3,3.019173,-3.559868,116.956175,138.321496
AVGO34_AVGO,2.000000,3.500000,20.000000,5.000000,40.000000,5914,92,0.923913,0.149751,2,3.012072,-0.383917,11.847366,4.392817
AVGO34_AVGO,2.000000,4.000000,20.000000,5.000000,40.000000,5914,92,0.923913,0.149751,2,3.012072,-0.383917,11.847366,4.392817
AVGO34_AVGO,2.000000,3.000000,20.000000,5.000000,40.000000,5914,92,0.923913,0.149751,2,3.012072,-0.383917,11.847366,4.392817
GOGL34_GOOGL,1.500000,3.500000,20.000000,5.000000,20.000000,10794,478,0.849372,0.375386,3,2.999188,-3.559868,116.179304,138.302496
AAPL34_AAPL,2.000000,4.000000,20.000000,5.000000,0.000000,12961,250,0.936000,0.385247,2,2.991049,-1.238026,73.083165,46.455569
JDCO34_JD,2.000000,3.000000,20.000000,5.000000,20.000000,5526,114,0.973684,0.584781,2,2.990808,-3.078723,53.490533,29.312515
AAPL34_AAPL,2.000000,3.000000,20.000000,5.000000,0.000000,12961,250,0.932000,0.384818,2,2.986830,-1.238026,72.975725,46.455790
AAPL34_AAPL,2.000000,3.500000,20.000000,5.000000,0.000000,12961,250,0.932000,0.384818,2,2.986830,-1.238026,72.975725,46.455790
TSLA34_TSLA,2.500000,4.000000,20.000000,5.000000,0.000000,8676,87,0.977011,0.957258,2,2.971936,-2.106154,74.761843,17.037939
TSLA34_TSLA,2.500000,3.500000,20.000000,5.000000,0.000000,8676,87,0.977011,0.957258,2,2.971936,-2.106154,74.761843,17.037939
TSLA34_TSLA,2.500000,3.000000,20.000000,5.000000,0.000000,8676,87,0.977011,0.957258,2,2.971936,-2.106154,74.761843,17.037939
BABA34_BABA,2.500000,4.000000,10.000000,2.000000,0.000000,8194,73,0.972603,0.458846,2,2.966148,-0.615892,31.294870,4.403029
BABA34_BABA,2.500000,3.500000,10.000000,2.000000,0.000000,8194,73,0.972603,0.458846,2,2.966148,-0.615892,31.294870,4.403029
GOGL34_GOOGL,1.500000,3.000000,20.000000,5.000000,20.000000,10794,479,0.845511,0.370658,3,2.958820,-3.559868,114.215290,138.450509
TSLA34_TSLA,2.500000,3.500000,20.000000,5.000000,20.000000,8676,87,0.977011,0.941864,2,2.930349,-2.106154,73.422509,18.377272
TSLA34_TSLA,2.500000,3.000000,20.000000,5.000000,20.000000,8676,87,0.977011,0.941864,2,2.930349,-2.106154,73.422509,18.377272
TSLA34_TSLA,2.500000,4.000000,20.000000,5.000000,20.000000,8676,87,0.977011,0.941864,2,2.930349,-2.106154,73.422509,18.377272
BABA34_BABA,2.500000,4.000000,10.000000,2.000000,20.000000,8194,73,0.972603,0.447299,2,2.912277,-0.622545,30.451920,5.245979
BABA34_BABA,2.500000,3.500000,10.000000,2.000000,20.000000,8194,73,0.972603,0.447299,2,2.912277,-0.622545,30.451920,5.245979
BABA34_BABA,2.500000,3.000000,10.000000,2.000000,0.000000,8194,73,0.958904,0.446116,2,2.906889,-0.615892,30.365583,4.402423
JDCO34_JD,2.000000,3.500000,20.000000,5.000000,40.000000,5526,114,0.956140,0.572037,2,2.898261,-3.205251,52.037692,32.304865
JDCO34_JD,2.000000,4.000000,20.000000,5.000000,40.000000,5526,114,0.956140,0.572037,2,2.898261,-3.205251,52.037692,32.304865
TSLA34_TSLA,2.500000,3.500000,20.000000,5.000000,40.000000,8676,87,0.977011,0.926469,2,2.888050,-2.106154,72.083176,19.716606
TSLA34_TSLA,2.500000,4.000000,20.000000,5.000000,40.000000,8676,87,0.977011,0.926469,2,2.888050,-2.106154,72.083176,19.716606
TSLA34_TSLA,2.500000,3.000000,20.000000,5.000000,40.000000,8676,87,0.977011,0.926469,2,2.888050,-2.106154,72.083176,19.716606
MSFT34_MSFT,2.000000,4.000000,10.000000,2.000000,40.000000,11007,180,0.916667,0.638961,2,2.868316,-3.762665,100.818359,47.592060
MSFT34_MSFT,2.000000,3.500000,10.000000,2.000000,40.000000,11007,180,0.916667,0.638961,2,2.868316,-3.762665,100.818359,47.592060
BABA34_BABA,2.500000,4.000000,10.000000,2.000000,40.000000,8194,73,0.972603,0.435751,2,2.856380,-0.629199,29.608970,6.088929
BABA34_BABA,2.500000,3.500000,10.000000,2.000000,40.000000,8194,73,0.972603,0.435751,2,2.856380,-0.629199,29.608970,6.088929
BABA34_BABA,2.500000,3.000000,10.000000,2.000000,20.000000,8194,73,0.958904,0.434569,2,2.852210,-0.622545,29.522633,5.245373
JDCO34_JD,2.000000,3.000000,20.000000,5.000000,40.000000,5526,114,0.947368,0.559002,2,2.842176,-3.205251,50.551761,32.251287
AVGO34_AVGO,2.500000,3.000000,10.000000,2.000000,0.000000,5914,42,0.976190,0.218284,3,2.839948,-0.110762,8.730966,0.874896
AVGO34_AVGO,2.500000,3.500000,10.000000,2.000000,0.000000,5914,42,0.976190,0.218284,3,2.839948,-0.110762,8.730966,0.874896
AVGO34_AVGO,2.500000,4.000000,10.000000,2.000000,0.000000,5914,42,0.976190,0.218284,3,2.839948,-0.110762,8.730966,0.874896
MSFT34_MSFT,2.000000,3.000000,10.000000,2.000000,40.000000,11007,180,0.911111,0.631149,2,2.836505,-3.762665,99.412112,47.590962
AVGO34_AVGO,2.500000,3.500000,10.000000,2.000000,20.000000,5914,42,0.976190,0.215436,3,2.812740,-0.110762,8.611322,0.994540
AVGO34_AVGO,2.500000,3.000000,10.000000,2.000000,20.000000,5914,42,0.976190,0.215436,3,2.812740,-0.110762,8.611322,0.994540
AVGO34_AVGO,2.500000,4.000000,10.000000,2.000000,20.000000,5914,42,0.976190,0.215436,3,2.812740,-0.110762,8.611322,0.994540
AAPL34_AAPL,2.000000,4.000000,20.000000,5.000000,20.000000,12961,250,0.928000,0.364546,2,2.805544,-1.238026,67.907777,51.630957
AAPL34_AAPL,2.000000,3.500000,20.000000,5.000000,20.000000,12961,250,0.924000,0.364120,2,2.801313,-1.238026,67.801301,51.630214
AAPL34_AAPL,2.000000,3.000000,20.000000,5.000000,20.000000,12961,250,0.924000,0.364120,2,2.801313,-1.238026,67.801301,51.630214
BABA34_BABA,2.500000,3.000000,10.000000,2.000000,40.000000,8194,73,0.958904,0.423021,2,2.795474,-0.629199,28.679683,6.088323
AVGO34_AVGO,2.500000,3.000000,10.000000,2.000000,40.000000,5914,42,0.952381,0.212587,3,2.784954,-0.110762,8.491678,1.114184
AVGO34_AVGO,2.500000,4.000000,10.000000,2.000000,40.000000,5914,42,0.952381,0.212587,3,2.784954,-0.110762,8.491678,1.114184
AVGO34_AVGO,2.500000,3.500000,10.000000,2.000000,40.000000,5914,42,0.952381,0.212587,3,2.784954,-0.110762,8.491678,1.114184
JDCO34_JD,2.500000,4.000000,10.000000,2.000000,0.000000,5526,48,1.000000,0.797503,2,2.773964,-1.548749,35.872269,4.818346
JDCO34_JD,2.500000,3.500000,10.000000,2.000000,0.000000,5526,48,1.000000,0.797503,2,2.773964,-1.548749,35.872269,4.818346
M1TA34_META,2.000000,4.000000,20.000000,5.000000,0.000000,9707,172,0.953488,0.933482,2,2.761035,-2.664438,132.129617,56.883548
M1TA34_META,2.000000,3.000000,20.000000,5.000000,0.000000,9707,172,0.953488,0.933482,2,2.761035,-2.664438,132.129617,56.883548
M1TA34_META,2.000000,3.500000,20.000000,5.000000,0.000000,9707,172,0.953488,0.933482,2,2.761035,-2.664438,132.129617,56.883548
AMZO34_AMZN,2.000000,3.000000,20.000000,5.000000,0.000000,9708,179,0.938547,0.448827,2,2.751102,-3.727111,61.514005,37.678735
AMZO34_AMZN,2.000000,4.000000,20.000000,5.000000,0.000000,9708,179,0.938547,0.448827,2,2.751102,-3.727111,61.514005,37.678735
AMZO34_AMZN,2.000000,3.500000,20.000000,5.000000,0.000000,9708,179,0.938547,0.448827,2,2.751102,-3.727111,61.514005,37.678735
GOGL34_GOOGL,1.500000,4.000000,20.000000,5.000000,40.000000,10794,478,0.836820,0.352273,3,2.726994,-3.669088,105.131195,150.146476
JDCO34_JD,2.500000,3.000000,10.000000,2.000000,0.000000,5526,48,0.979167,0.765398,2,2.713602,-1.548749,34.331255,4.819850
GOGL34_GOOGL,1.500000,3.500000,20.000000,5.000000,40.000000,10794,478,0.836820,0.350691,3,2.707263,-3.669088,104.374951,150.106849
JDCO34_JD,2.500000,3.500000,10.000000,2.000000,20.000000,5526,48,1.000000,0.770922,2,2.694428,-1.548749,34.596405,6.094210
JDCO34_JD,2.500000,4.000000,10.000000,2.000000,20.000000,5526,48,1.000000,0.770922,2,2.694428,-1.548749,34.596405,6.094210
TSMC34_TSM,2.500000,4.000000,10.000000,2.000000,0.000000,7540,58,0.965517,1.541295,2,2.693462,-3.053460,83.233584,12.331745
MSFT34_MSFT,1.500000,3.000000,20.000000,5.000000,40.000000,11007,485,0.855670,0.381256,2,2.691946,-5.031266,105.870045,211.190584
TSMC34_TSM,2.500000,3.500000,10.000000,2.000000,0.000000,7540,60,0.933333,1.491123,2,2.687067,-2.653448,83.048514,12.845535
M1TA34_META,2.000000,3.000000,20.000000,5.000000,20.000000,9707,172,0.947674,0.907884,2,2.679534,-2.707965,127.726817,61.286348
M1TA34_META,2.000000,4.000000,20.000000,5.000000,20.000000,9707,172,0.947674,0.907884,2,2.679534,-2.707965,127.726817,61.286348
M1TA34_META,2.000000,3.500000,20.000000,5.000000,20.000000,9707,172,0.947674,0.907884,2,2.679534,-2.707965,127.726817,61.286348
TSMC34_TSM,2.500000,3.000000,10.000000,2.000000,0.000000,7540,62,0.887097,1.429115,2,2.667360,-2.653448,82.050439,13.116273
GOGL34_GOOGL,1.500000,3.000000,20.000000,5.000000,40.000000,10794,479,0.832985,0.346014,3,2.665745,-3.669088,102.410937,150.254862
JDCO34_JD,2.500000,3.000000,10.000000,2.000000,20.000000,5526,48,0.979167,0.739407,2,2.633370,-1.548749,33.083683,6.067422
TSMC34_TSM,2.500000,4.000000,10.000000,2.000000,20.000000,7540,58,0.965517,1.499989,2,2.630617,-3.249394,80.837794,14.727535
TSMC34_TSM,2.500000,3.500000,10.000000,2.000000,20.000000,7540,60,0.933333,1.452392,2,2.626798,-2.799052,80.724641,15.169409
AMZO34_AMZN,2.000000,3.500000,20.000000,5.000000,20.000000,9708,179,0.927374,0.431390,2,2.624986,-3.770365,58.392785,40.799955
AMZO34_AMZN,2.000000,3.000000,20.000000,5.000000,20.000000,9708,179,0.927374,0.431390,2,2.624986,-3.770365,58.392785,40.799955
AMZO34_AMZN,2.000000,4.000000,20.000000,5.000000,20.000000,9708,179,0.927374,0.431390,2,2.624986,-3.770365,58.392785,40.799955
MSFT34_MSFT,1.500000,4.000000,20.000000,5.000000,40.000000,11007,485,0.859794,0.400569,2,2.614913,-5.031266,115.236960,211.206442
MSFT34_MSFT,1.500000,3.500000,20.000000,5.000000,40.000000,11007,485,0.859794,0.400569,2,2.614913,-5.031266,115.236960,211.206442
AAPL34_AAPL,2.000000,4.000000,20.000000,5.000000,40.000000,12961,250,0.920000,0.343844,2,2.613324,-1.238026,62.732389,56.806345
JDCO34_JD,2.500000,3.500000,10.000000,2.000000,40.000000,5526,48,1.000000,0.744342,2,2.612585,-1.548749,33.320541,7.370074
JDCO34_JD,2.500000,4.000000,10.000000,2.000000,40.000000,5526,48,1.000000,0.744342,2,2.612585,-1.548749,33.320541,7.370074
AAPL34_AAPL,2.000000,3.000000,20.000000,5.000000,40.000000,12961,250,0.916000,0.343422,2,2.609085,-1.238026,62.626877,56.804638
AAPL34_AAPL,2.000000,3.500000,20.000000,5.000000,40.000000,12961,250,0.916000,0.343422,2,2.609085,-1.238026,62.626877,56.804638
TSMC34_TSM,2.500000,3.000000,10.000000,2.000000,20.000000,7540,62,0.887097,1.392575,2,2.608689,-2.799052,79.784966,15.381746
M1TA34_META,2.000000,3.000000,20.000000,5.000000,40.000000,9707,172,0.941860,0.882286,2,2.596594,-2.751491,123.324017,65.689148
M1TA34_META,2.000000,3.500000,20.000000,5.000000,40.000000,9707,172,0.941860,0.882286,2,2.596594,-2.751491,123.324017,65.689148
M1TA34_META,2.000000,4.000000,20.000000,5.000000,40.000000,9707,172,0.941860,0.882286,2,2.596594,-2.751491,123.324017,65.689148
GOGL34_GOOGL,2.500000,3.500000,10.000000,2.000000,0.000000,10794,67,0.985075,0.816075,2,2.583500,-0.913889,50.190630,8.970080
GOGL34_GOOGL,2.500000,4.000000,10.000000,2.000000,0.000000,10794,67,0.985075,0.816075,2,2.583500,-0.913889,50.190630,8.970080
AMZO34_AMZN,2.500000,3.500000,10.000000,2.000000,0.000000,9708,61,0.967213,0.577066,2,2.578898,-1.072720,32.198457,6.011326
AMZO34_AMZN,2.500000,3.000000,10.000000,2.000000,0.000000,9708,61,0.967213,0.577066,2,2.578898,-1.072720,32.198457,6.011326
AMZO34_AMZN,2.500000,4.000000,10.000000,2.000000,0.000000,9708,61,0.967213,0.577066,2,2.578898,-1.072720,32.198457,6.011326
AVGO34_AVGO,2.500000,4.000000,20.000000,5.000000,0.000000,5914,42,0.952381,0.206987,3,2.578700,-0.110762,7.782832,1.823031
AVGO34_AVGO,2.500000,3.000000,20.000000,5.000000,0.000000,5914,42,0.952381,0.206987,3,2.578700,-0.110762,7.782832,1.823031
AVGO34_AVGO,2.500000,3.500000,20.000000,5.000000,0.000000,5914,42,0.952381,0.206987,3,2.578700,-0.110762,7.782832,1.823031
BABA34_BABA,2.500000,3.500000,20.000000,5.000000,0.000000,8194,73,0.972603,0.426164,2,2.575782,-0.660072,26.525006,9.172892
BABA34_BABA,2.500000,4.000000,20.000000,5.000000,0.000000,8194,73,0.972603,0.426164,2,2.575782,-0.660072,26.525006,9.172892
GOGL34_GOOGL,2.000000,3.500000,20.000000,5.000000,0.000000,10794,173,0.890173,0.543501,2,2.567114,-3.388290,71.037409,45.977329
GOGL34_GOOGL,2.000000,4.000000,20.000000,5.000000,0.000000,10794,173,0.890173,0.543501,2,2.567114,-3.388290,71.037409,45.977329
TSMC34_TSM,2.500000,4.000000,10.000000,2.000000,40.000000,7540,58,0.913793,1.458682,2,2.566165,-3.445327,78.442004,17.123325
TSMC34_TSM,2.500000,3.500000,10.000000,2.000000,40.000000,7540,60,0.900000,1.413661,2,2.564978,-2.944655,78.400767,17.493282
GOGL34_GOOGL,2.000000,3.000000,20.000000,5.000000,0.000000,10794,174,0.885057,0.538900,2,2.554906,-3.388290,70.705701,46.126001
JDCO34_JD,2.500000,3.000000,10.000000,2.000000,40.000000,5526,48,0.979167,0.713416,2,2.550830,-1.548749,31.836111,7.314994
AVGO34_AVGO,2.500000,3.000000,20.000000,5.000000,20.000000,5914,42,0.952381,0.204139,3,2.549557,-0.114246,7.663188,1.942675
AVGO34_AVGO,2.500000,3.500000,20.000000,5.000000,20.000000,5914,42,0.952381,0.204139,3,2.549557,-0.114246,7.663188,1.942675
AVGO34_AVGO,2.500000,4.000000,20.000000,5.000000,20.000000,5914,42,0.952381,0.204139,3,2.549557,-0.114246,7.663188,1.942675
TSMC34_TSM,2.500000,3.000000,10.000000,2.000000,40.000000,7540,62,0.854839,1.356035,2,2.548491,-2.944655,77.519493,17.647219
GOGL34_GOOGL,2.500000,3.000000,10.000000,2.000000,0.000000,10794,67,0.970149,0.800169,2,2.544732,-0.913889,49.124931,8.969333
GOGL34_GOOGL,2.500000,3.500000,10.000000,2.000000,20.000000,10794,67,0.970149,0.798369,2,2.536778,-0.913889,49.004317,10.156393
GOGL34_GOOGL,2.500000,4.000000,10.000000,2.000000,20.000000,10794,67,0.970149,0.798369,2,2.536778,-0.913889,49.004317,10.156393
MSFT34_MSFT,2.000000,3.500000,20.000000,5.000000,0.000000,11007,180,0.950000,0.660057,2,2.529473,-3.833462,89.234862,59.175557
MSFT34_MSFT,2.000000,4.000000,20.000000,5.000000,0.000000,11007,180,0.950000,0.660057,2,2.529473,-3.833462,89.234862,59.175557
AVGO34_AVGO,2.500000,3.000000,20.000000,5.000000,40.000000,5914,42,0.952381,0.201290,3,2.519842,-0.125986,7.543544,2.062319
AVGO34_AVGO,2.500000,4.000000,20.000000,5.000000,40.000000,5914,42,0.952381,0.201290,3,2.519842,-0.125986,7.543544,2.062319
AVGO34_AVGO,2.500000,3.500000,20.000000,5.000000,40.000000,5914,42,0.952381,0.201290,3,2.519842,-0.125986,7.543544,2.062319
AMZO34_AMZN,2.500000,3.500000,10.000000,2.000000,20.000000,9708,61,0.967213,0.559972,2,2.518089,-1.085967,31.155694,7.054089
AMZO34_AMZN,2.500000,4.000000,10.000000,2.000000,20.000000,9708,61,0.967213,0.559972,2,2.518089,-1.085967,31.155694,7.054089
AMZO34_AMZN,2.500000,3.000000,10.000000,2.000000,20.000000,9708,61,0.967213,0.559972,2,2.518089,-1.085967,31.155694,7.054089
BABA34_BABA,2.500000,3.500000,20.000000,5.000000,20.000000,8194,73,0.972603,0.414617,2,2.515957,-0.666726,25.682056,10.015842
BABA34_BABA,2.500000,4.000000,20.000000,5.000000,20.000000,8194,73,0.972603,0.414617,2,2.515957,-0.666726,25.682056,10.015842
NVDC34_NVDA,2.500000,3.500000,10.000000,2.000000,0.000000,8254,60,1.000000,0.166479,2,2.510628,-0.224212,9.458316,1.062472
NVDC34_NVDA,2.500000,3.000000,10.000000,2.000000,0.000000,8254,60,1.000000,0.166479,2,2.510628,-0.224212,9.458316,1.062472
NVDC34_NVDA,2.500000,4.000000,10.000000,2.000000,0.000000,8254,60,1.000000,0.166479,2,2.510628,-0.224212,9.458316,1.062472
BABA34_BABA,2.500000,3.000000,20.000000,5.000000,0.000000,8194,73,0.958904,0.413442,2,2.509463,-0.660072,25.596299,9.171707
GOGL34_GOOGL,2.500000,3.000000,10.000000,2.000000,20.000000,10794,67,0.955224,0.782463,2,2.497586,-0.913889,47.938617,10.155646
MSFT34_MSFT,2.000000,3.000000,20.000000,5.000000,0.000000,11007,180,0.944444,0.652250,2,2.496318,-3.833462,87.829688,59.173386
AMZO34_AMZN,2.000000,3.000000,20.000000,5.000000,40.000000,9708,179,0.910615,0.413953,2,2.496207,-3.822707,55.271565,43.921175
AMZO34_AMZN,2.000000,3.500000,20.000000,5.000000,40.000000,9708,179,0.910615,0.413953,2,2.496207,-3.822707,55.271565,43.921175
AMZO34_AMZN,2.000000,4.000000,20.000000,5.000000,40.000000,9708,179,0.910615,0.413953,2,2.496207,-3.822707,55.271565,43.921175
GOGL34_GOOGL,2.500000,4.000000,10.000000,2.000000,40.000000,10794,67,0.970149,0.780662,2,2.488536,-0.913889,47.818003,11.342707
GOGL34_GOOGL,2.500000,3.500000,10.000000,2.000000,40.000000,10794,67,0.970149,0.780662,2,2.488536,-0.913889,47.818003,11.342707
AAPL34_AAPL,2.500000,4.000000,10.000000,2.000000,0.000000,12961,92,0.956522,0.541991,2,2.485794,-0.733421,46.040849,7.645969
NVDC34_NVDA,2.500000,4.000000,10.000000,2.000000,20.000000,8254,60,0.983333,0.163761,2,2.480521,-0.239765,9.295222,1.225565
NVDC34_NVDA,2.500000,3.000000,10.000000,2.000000,20.000000,8254,60,0.983333,0.163761,2,2.480521,-0.239765,9.295222,1.225565
NVDC34_NVDA,2.500000,3.500000,10.000000,2.000000,20.000000,8254,60,0.983333,0.163761,2,2.480521,-0.239765,9.295222,1.225565
AAPL34_AAPL,2.500000,3.500000,10.000000,2.000000,0.000000,12961,92,0.945652,0.540825,2,2.480288,-0.733421,45.933520,7.646079
AAPL34_AAPL,2.500000,3.000000,10.000000,2.000000,0.000000,12961,92,0.945652,0.540825,2,2.480288,-0.733421,45.933520,7.646079
AMZO34_AMZN,2.500000,3.000000,10.000000,2.000000,40.000000,9708,61,0.950820,0.542877,2,2.454852,-1.099214,30.112931,8.096853
AMZO34_AMZN,2.500000,4.000000,10.000000,2.000000,40.000000,9708,61,0.950820,0.542877,2,2.454852,-1.099214,30.112931,8.096853
AMZO34_AMZN,2.500000,3.500000,10.000000,2.000000,40.000000,9708,61,0.950820,0.542877,2,2.454852,-1.099214,30.112931,8.096853
BABA34_BABA,2.500000,3.500000,20.000000,5.000000,40.000000,8194,73,0.972603,0.403070,2,2.454104,-0.673379,24.839106,10.858792
BABA34_BABA,2.500000,4.000000,20.000000,5.000000,40.000000,8194,73,0.972603,0.403070,2,2.454104,-0.673379,24.839106,10.858792
NVDC34_NVDA,2.500000,4.000000,10.000000,2.000000,40.000000,8254,60,0.983333,0.161043,2,2.449650,-0.255318,9.132129,1.388658
NVDC34_NVDA,2.500000,3.000000,10.000000,2.000000,40.000000,8254,60,0.983333,0.161043,2,2.449650,-0.255318,9.132129,1.388658
NVDC34_NVDA,2.500000,3.500000,10.000000,2.000000,40.000000,8254,60,0.983333,0.161043,2,2.449650,-0.255318,9.132129,1.388658
GOGL34_GOOGL,2.500000,3.000000,10.000000,2.000000,40.000000,10794,67,0.955224,0.764756,2,2.448912,-0.913889,46.752304,11.341960
BABA34_BABA,2.500000,3.000000,20.000000,5.000000,20.000000,8194,73,0.958904,0.401895,2,2.448690,-0.666726,24.753349,10.014657
GOGL34_GOOGL,2.000000,3.500000,20.000000,5.000000,20.000000,10794,173,0.878613,0.521703,2,2.442820,-3.439766,67.266359,49.748379
GOGL34_GOOGL,2.000000,4.000000,20.000000,5.000000,20.000000,10794,173,0.878613,0.521703,2,2.442820,-3.439766,67.266359,49.748379
GOGL34_GOOGL,2.000000,3.000000,20.000000,5.000000,20.000000,10794,174,0.873563,0.517227,2,2.430565,-3.439766,66.934651,49.897051
AAPL34_AAPL,2.500000,4.000000,10.000000,2.000000,20.000000,12961,92,0.956522,0.524028,2,2.413577,-0.733421,44.388237,9.298581
AAPL34_AAPL,2.500000,3.500000,10.000000,2.000000,20.000000,12961,92,0.945652,0.522872,2,2.408074,-0.733421,44.281872,9.297727
AAPL34_AAPL,2.500000,3.000000,10.000000,2.000000,20.000000,12961,92,0.945652,0.522872,2,2.408074,-0.733421,44.281872,9.297727
JDCO34_JD,2.500000,3.500000,20.000000,5.000000,0.000000,5526,48,1.000000,0.743098,2,2.390513,-1.548749,30.652470,10.038145
JDCO34_JD,2.500000,4.000000,20.000000,5.000000,0.000000,5526,48,1.000000,0.743098,2,2.390513,-1.548749,30.652470,10.038145
BABA34_BABA,2.500000,3.000000,20.000000,5.000000,40.000000,8194,73,0.958904,0.390348,2,2.385862,-0.673379,23.910399,10.857607
AAPL34_AAPL,2.500000,4.000000,10.000000,2.000000,40.000000,12961,92,0.956522,0.506065,2,2.338882,-0.749844,42.735625,10.951193
AAPL34_AAPL,2.500000,3.000000,10.000000,2.000000,40.000000,12961,92,0.945652,0.504919,2,2.333383,-0.749844,42.630224,10.949375
AAPL34_AAPL,2.500000,3.500000,10.000000,2.000000,40.000000,12961,92,0.945652,0.504919,2,2.333383,-0.749844,42.630224,10.949375
TSMC34_TSM,2.500000,4.000000,20.000000,5.000000,0.000000,7540,58,0.965517,1.426050,2,2.322388,-3.424120,69.872891,25.692438
GOGL34_GOOGL,2.000000,3.500000,20.000000,5.000000,40.000000,10794,173,0.872832,0.499905,2,2.315831,-3.494836,63.495309,53.519429
GOGL34_GOOGL,2.000000,4.000000,20.000000,5.000000,40.000000,10794,173,0.872832,0.499905,2,2.315831,-3.494836,63.495309,53.519429
JDCO34_JD,2.500000,3.000000,20.000000,5.000000,0.000000,5526,48,0.979167,0.710962,2,2.315316,-1.548749,29.109955,10.041150
JDCO34_JD,2.500000,4.000000,20.000000,5.000000,20.000000,5526,48,1.000000,0.716517,2,2.306382,-1.548749,29.376606,11.314009
JDCO34_JD,2.500000,3.500000,20.000000,5.000000,20.000000,5526,48,1.000000,0.716517,2,2.306382,-1.548749,29.376606,11.314009
GOGL34_GOOGL,2.000000,3.000000,20.000000,5.000000,40.000000,10794,174,0.867816,0.495554,2,2.303536,-3.494836,63.163601,53.668101
TSMC34_TSM,2.500000,3.500000,20.000000,5.000000,0.000000,7540,60,0.933333,1.375099,2,2.291214,-3.411461,69.132506,26.761543
MSFT34_MSFT,2.000000,4.000000,20.000000,5.000000,20.000000,11007,180,0.933333,0.606752,2,2.281524,-4.046202,79.639916,68.770504
MSFT34_MSFT,2.000000,3.500000,20.000000,5.000000,20.000000,11007,180,0.933333,0.606752,2,2.281524,-4.046202,79.639916,68.770504
NVDC34_NVDA,2.500000,3.000000,20.000000,5.000000,0.000000,8254,60,0.966667,0.156875,2,2.264761,-0.264420,8.307278,2.213509
NVDC34_NVDA,2.500000,3.500000,20.000000,5.000000,0.000000,8254,60,0.966667,0.156875,2,2.264761,-0.264420,8.307278,2.213509
NVDC34_NVDA,2.500000,4.000000,20.000000,5.000000,0.000000,8254,60,0.966667,0.156875,2,2.264761,-0.264420,8.307278,2.213509
TSMC34_TSM,2.500000,3.000000,20.000000,5.000000,0.000000,7540,62,0.887097,1.314477,2,2.258224,-3.411461,67.841256,27.325456
TSMC34_TSM,2.500000,4.000000,20.000000,5.000000,20.000000,7540,58,0.931034,1.384744,2,2.254939,-3.620054,67.477101,28.088228
MSFT34_MSFT,2.000000,3.000000,20.000000,5.000000,20.000000,11007,180,0.927778,0.598945,2,2.247423,-4.046202,78.234741,68.768333
NVDC34_NVDA,2.500000,3.500000,20.000000,5.000000,20.000000,8254,60,0.966667,0.154156,2,2.232071,-0.279973,8.144185,2.376602
NVDC34_NVDA,2.500000,3.000000,20.000000,5.000000,20.000000,8254,60,0.966667,0.154156,2,2.232071,-0.279973,8.144185,2.376602
NVDC34_NVDA,2.500000,4.000000,20.000000,5.000000,20.000000,8254,60,0.966667,0.154156,2,2.232071,-0.279973,8.144185,2.376602
JDCO34_JD,2.500000,3.000000,20.000000,5.000000,20.000000,5526,48,0.979167,0.684971,2,2.230559,-1.548749,27.862383,11.288722
TSMC34_TSM,2.500000,3.500000,20.000000,5.000000,20.000000,7540,60,0.900000,1.336368,2,2.226257,-3.557064,66.808633,29.085416
JDCO34_JD,2.500000,4.000000,20.000000,5.000000,40.000000,5526,48,1.000000,0.689937,2,2.220097,-1.548749,28.100742,12.589873
JDCO34_JD,2.500000,3.500000,20.000000,5.000000,40.000000,5526,48,1.000000,0.689937,2,2.220097,-1.548749,28.100742,12.589873
NVDC34_NVDA,2.500000,4.000000,20.000000,5.000000,40.000000,8254,60,0.966667,0.151438,2,2.198609,-0.295526,7.981092,2.539696
NVDC34_NVDA,2.500000,3.000000,20.000000,5.000000,40.000000,8254,60,0.966667,0.151438,2,2.198609,-0.295526,7.981092,2.539696
NVDC34_NVDA,2.500000,3.500000,20.000000,5.000000,40.000000,8254,60,0.966667,0.151438,2,2.198609,-0.295526,7.981092,2.539696
TSMC34_TSM,2.500000,3.000000,20.000000,5.000000,20.000000,7540,62,0.854839,1.277937,2,2.194792,-3.557064,65.575782,29.590930
TSMC34_TSM,2.500000,4.000000,20.000000,5.000000,40.000000,7540,58,0.896552,1.343437,2,2.185939,-3.815987,65.081311,30.484018
TSMC34_TSM,2.500000,3.500000,20.000000,5.000000,40.000000,7540,60,0.883333,1.297637,2,2.159821,-3.702668,64.484760,31.409290
JDCO34_JD,2.500000,3.000000,20.000000,5.000000,40.000000,5526,48,0.979167,0.658980,2,2.143676,-1.548749,26.614811,12.536294
TSMC34_TSM,2.500000,3.000000,20.000000,5.000000,40.000000,7540,62,0.854839,1.241397,2,2.129911,-3.702668,63.310309,31.856403
GOGL34_GOOGL,2.500000,4.000000,20.000000,5.000000,0.000000,10794,67,0.985075,0.743577,2,2.128309,-1.148782,40.471475,18.689235
GOGL34_GOOGL,2.500000,3.500000,20.000000,5.000000,0.000000,10794,67,0.985075,0.743577,2,2.128309,-1.148782,40.471475,18.689235
AMZO34_AMZN,2.500000,3.500000,20.000000,5.000000,0.000000,9708,61,0.967213,0.523634,2,2.115326,-1.170187,25.686358,12.523425
AMZO34_AMZN,2.500000,4.000000,20.000000,5.000000,0.000000,9708,61,0.967213,0.523634,2,2.115326,-1.170187,25.686358,12.523425
AMZO34_AMZN,2.500000,3.000000,20.000000,5.000000,0.000000,9708,61,0.967213,0.523634,2,2.115326,-1.170187,25.686358,12.523425
AAPL34_AAPL,2.500000,4.000000,20.000000,5.000000,0.000000,12961,92,0.956522,0.496962,2,2.089675,-0.838738,37.755951,15.930867
GOGL34_GOOGL,2.500000,3.000000,20.000000,5.000000,0.000000,10794,67,0.970149,0.727682,2,2.084396,-1.148782,39.406496,18.687768
AAPL34_AAPL,2.500000,3.000000,20.000000,5.000000,0.000000,12961,92,0.945652,0.495794,2,2.083971,-0.838738,37.648511,15.931088
AAPL34_AAPL,2.500000,3.500000,20.000000,5.000000,0.000000,12961,92,0.945652,0.495794,2,2.083971,-0.838738,37.648511,15.931088
GOGL34_GOOGL,2.500000,4.000000,20.000000,5.000000,20.000000,10794,67,0.970149,0.725871,2,2.076974,-1.148782,39.285162,19.875548
GOGL34_GOOGL,2.500000,3.500000,20.000000,5.000000,20.000000,10794,67,0.970149,0.725871,2,2.076974,-1.148782,39.285162,19.875548
AMZO34_AMZN,2.500000,3.500000,20.000000,5.000000,20.000000,9708,61,0.950820,0.506540,2,2.047083,-1.183434,24.643595,13.566189
AMZO34_AMZN,2.500000,3.000000,20.000000,5.000000,20.000000,9708,61,0.950820,0.506540,2,2.047083,-1.183434,24.643595,13.566189
AMZO34_AMZN,2.500000,4.000000,20.000000,5.000000,20.000000,9708,61,0.950820,0.506540,2,2.047083,-1.183434,24.643595,13.566189
GOGL34_GOOGL,2.500000,3.000000,20.000000,5.000000,20.000000,10794,67,0.955224,0.709976,2,2.032592,-1.148782,38.220183,19.874081
GOGL34_GOOGL,2.500000,3.500000,20.000000,5.000000,40.000000,10794,67,0.970149,0.708165,2,2.024240,-1.148782,38.098848,21.061861
GOGL34_GOOGL,2.500000,4.000000,20.000000,5.000000,40.000000,10794,67,0.970149,0.708165,2,2.024240,-1.148782,38.098848,21.061861
MSFT34_MSFT,2.000000,3.500000,20.000000,5.000000,40.000000,11007,180,0.894444,0.553446,2,2.023287,-4.258942,70.044969,78.365451
MSFT34_MSFT,2.000000,4.000000,20.000000,5.000000,40.000000,11007,180,0.894444,0.553446,2,2.023287,-4.258942,70.044969,78.365451
AAPL34_AAPL,2.500000,4.000000,20.000000,5.000000,20.000000,12961,92,0.956522,0.478999,2,2.011678,-0.838738,36.103339,17.583479
AAPL34_AAPL,2.500000,3.500000,20.000000,5.000000,20.000000,12961,92,0.945652,0.477841,2,2.005977,-0.838738,35.996863,17.582736
AAPL34_AAPL,2.500000,3.000000,20.000000,5.000000,20.000000,12961,92,0.945652,0.477841,2,2.005977,-0.838738,35.996863,17.582736
MSFT34_MSFT,2.000000,3.000000,20.000000,5.000000,40.000000,11007,180,0.888889,0.545640,2,1.988247,-4.258942,68.639795,78.363279
GOGL34_GOOGL,2.500000,3.000000,20.000000,5.000000,40.000000,10794,67,0.955224,0.692270,2,1.979387,-1.148782,37.033869,21.060395
AMZO34_AMZN,2.500000,3.500000,20.000000,5.000000,40.000000,9708,61,0.934426,0.489445,2,1.976505,-1.196681,23.600831,14.608952
AMZO34_AMZN,2.500000,3.000000,20.000000,5.000000,40.000000,9708,61,0.934426,0.489445,2,1.976505,-1.196681,23.600831,14.608952
AMZO34_AMZN,2.500000,4.000000,20.000000,5.000000,40.000000,9708,61,0.934426,0.489445,2,1.976505,-1.196681,23.600831,14.608952
AAPL34_AAPL,2.500000,4.000000,20.000000,5.000000,40.000000,12961,92,0.956522,0.461035,2,1.931353,-0.901389,34.450727,19.236091
AAPL34_AAPL,2.500000,3.000000,20.000000,5.000000,40.000000,12961,92,0.945652,0.459889,2,1.925659,-0.901389,34.345215,19.234384
AAPL34_AAPL,2.500000,3.500000,20.000000,5.000000,40.000000,12961,92,0.945652,0.459889,2,1.925659,-0.901389,34.345215,19.234384
M1TA34_META,2.500000,3.500000,10.000000,2.000000,0.000000,9707,60,0.966667,1.326352,3,1.808180,-1.848843,74.810051,9.561916
M1TA34_META,2.500000,3.000000,10.000000,2.000000,0.000000,9707,60,0.966667,1.326352,3,1.808180,-1.848843,74.810051,9.561916
M1TA34_META,2.500000,4.000000,10.000000,2.000000,0.000000,9707,60,0.966667,1.326352,3,1.808180,-1.848843,74.810051,9.561916
MSFT34_MSFT,2.500000,4.000000,10.000000,2.000000,0.000000,11007,60,0.933333,0.952085,2,1.772411,-1.484928,52.239795,9.785694
MSFT34_MSFT,2.500000,3.500000,10.000000,2.000000,0.000000,11007,60,0.933333,0.952085,2,1.772411,-1.484928,52.239795,9.785694
M1TA34_META,2.500000,4.000000,10.000000,2.000000,20.000000,9707,60,0.950000,1.298146,3,1.771706,-1.848843,73.117688,11.254279
M1TA34_META,2.500000,3.000000,10.000000,2.000000,20.000000,9707,60,0.950000,1.298146,3,1.771706,-1.848843,73.117688,11.254279
M1TA34_META,2.500000,3.500000,10.000000,2.000000,20.000000,9707,60,0.950000,1.298146,3,1.771706,-1.848843,73.117688,11.254279
M1TA34_META,2.500000,4.000000,10.000000,2.000000,40.000000,9707,60,0.950000,1.269940,3,1.734782,-1.848843,71.425324,12.946642
M1TA34_META,2.500000,3.500000,10.000000,2.000000,40.000000,9707,60,0.950000,1.269940,3,1.734782,-1.848843,71.425324,12.946642
M1TA34_META,2.500000,3.000000,10.000000,2.000000,40.000000,9707,60,0.950000,1.269940,3,1.734782,-1.848843,71.425324,12.946642
MSFT34_MSFT,2.500000,3.000000,10.000000,2.000000,0.000000,11007,60,0.916667,0.928647,2,1.731906,-1.484928,50.833548,9.784596
MSFT34_MSFT,2.500000,4.000000,10.000000,2.000000,20.000000,11007,60,0.933333,0.900006,2,1.678793,-1.536582,49.115061,12.910427
MSFT34_MSFT,2.500000,3.500000,10.000000,2.000000,20.000000,11007,60,0.933333,0.900006,2,1.678793,-1.536582,49.115061,12.910427
MSFT34_MSFT,2.500000,3.000000,10.000000,2.000000,20.000000,11007,60,0.916667,0.876568,2,1.637647,-1.536582,47.708814,12.909329
M1TA34_META,2.500000,4.000000,20.000000,5.000000,0.000000,9707,60,0.950000,1.239864,3,1.584380,-2.124146,64.451108,19.920859
M1TA34_META,2.500000,3.500000,20.000000,5.000000,0.000000,9707,60,0.950000,1.239864,3,1.584380,-2.124146,64.451108,19.920859
M1TA34_META,2.500000,3.000000,20.000000,5.000000,0.000000,9707,60,0.950000,1.239864,3,1.584380,-2.124146,64.451108,19.920859
MSFT34_MSFT,2.500000,3.500000,10.000000,2.000000,40.000000,11007,60,0.916667,0.847927,2,1.581867,-1.624402,45.990328,16.035161
MSFT34_MSFT,2.500000,4.000000,10.000000,2.000000,40.000000,11007,60,0.916667,0.847927,2,1.581867,-1.624402,45.990328,16.035161
M1TA34_META,2.500000,3.500000,20.000000,5.000000,20.000000,9707,60,0.950000,1.211658,3,1.546463,-2.218492,62.758744,21.613222
M1TA34_META,2.500000,3.000000,20.000000,5.000000,20.000000,9707,60,0.950000,1.211658,3,1.546463,-2.218492,62.758744,21.613222
M1TA34_META,2.500000,4.000000,20.000000,5.000000,20.000000,9707,60,0.950000,1.211658,3,1.546463,-2.218492,62.758744,21.613222
MSFT34_MSFT,2.500000,3.000000,10.000000,2.000000,40.000000,11007,60,0.900000,0.824490,2,1.540094,-1.624402,44.584081,16.034062
M1TA34_META,2.500000,3.500000,20.000000,5.000000,40.000000,9707,60,0.933333,1.183452,3,1.508124,-2.312839,61.066381,23.305585
M1TA34_META,2.500000,3.000000,20.000000,5.000000,40.000000,9707,60,0.933333,1.183452,3,1.508124,-2.312839,61.066381,23.305585
M1TA34_META,2.500000,4.000000,20.000000,5.000000,40.000000,9707,60,0.933333,1.183452,3,1.508124,-2.312839,61.066381,23.305585
MSFT34_MSFT,2.500000,4.000000,20.000000,5.000000,0.000000,11007,60,0.933333,0.863611,2,1.435361,-1.646516,41.638163,20.387325
MSFT34_MSFT,2.500000,3.500000,20.000000,5.000000,0.000000,11007,60,0.933333,0.863611,2,1.435361,-1.646516,41.638163,20.387325
MSFT34_MSFT,2.500000,3.000000,20.000000,5.000000,0.000000,11007,60,0.916667,0.840192,2,1.392500,-1.646516,40.232989,20.385154
MSFT34_MSFT,2.500000,3.500000,20.000000,5.000000,20.000000,11007,60,0.916667,0.811532,2,1.336671,-1.698170,38.513430,23.512059
MSFT34_MSFT,2.500000,4.000000,20.000000,5.000000,20.000000,11007,60,0.916667,0.811532,2,1.336671,-1.698170,38.513430,23.512059
MSFT34_MSFT,2.500000,3.000000,20.000000,5.000000,20.000000,11007,60,0.900000,0.788113,2,1.293159,-1.698170,37.108256,23.509887
MSFT34_MSFT,2.500000,4.000000,20.000000,5.000000,40.000000,11007,60,0.900000,0.759454,2,1.235087,-1.785990,35.388697,26.636792
MSFT34_MSFT,2.500000,3.500000,20.000000,5.000000,40.000000,11007,60,0.900000,0.759454,2,1.235087,-1.785990,35.388697,26.636792
MSFT34_MSFT,2.500000,3.000000,20.000000,5.000000,40.000000,11007,60,0.883333,0.736034,2,1.190945,-1.785990,33.983522,26.634621
